,id,good,brand
0,0,клей,ермак
1,1,торт,
2,2,смеситель,
3,3,,
4,4,коньяк,
5,5,пластина,
6,6,рис,
7,7,труба,
8,8,консервы,
9,9,одеяло,
10,10,,golden
11,11,пюре,роллтон
12,12,сироп,
13,13,кремгель,
14,14,,
15,15,,
16,16,конфеты,
17,17,скумбрия,
18,18,чипсы,
19,19,трусы,
20,20,леденцы,
21,21,печенье,
22,22,майонез,
23,23,,
24,24,,
25,25,корм,
26,26,саморез,
27,27,томаты,
28,28,саморез,
29,29,,
30,30,держатель,
31,31,рюкзак,
32,32,джинсы,wrangler
33,33,консервы,
34,34,,
35,35,сок,
36,36,куртка,
37,37,серьгисерьги,
38,38,пельмени,
39,39,,
40,40,,
41,41,фильтр,
42,42,,
43,43,,
44,44,платье,
45,45,футболка,
46,46,,glamour
47,47,,
48,48,болт,
49,49,линолеум,
50,50,болт,
51,51,коврик,bella
52,52,пиво,
53,53,лимонад,
54,54,пенал,
55,55,ремень,
56,56,футболка,
57,57,шоколад,
58,58,молоко,любимое
59,59,,
60,60,,
61,61,,
62,62,диск,луга
63,63,рюкзак,
64,64,,
65,65,дезодорант,дезодорант
66,66,болт,
67,67,,
68,68,туфли,
69,69,огурцытоматы,любимый
70,70,молоко,
71,71,футболка,
72,72,арахис,тантан
73,73,пленка,
74,74,арахис,
75,75,,
76,76,лимонад,
77,77,мармелад,бон
78,78,,
79,79,,
80,80,молоко,
81,81,конфетыарахискарамель,золотойстеп
82,82,крем,
83,83,напиток,
84,84,соус,
85,85,,hatber
86,86,одеяло,
87,87,,
88,88,носки,clever
89,89,перецсемена,
90,90,сумка,
91,91,адаптер,
92,92,шприц,
93,93,саморез,
94,94,печенье,любятово
95,95,,
96,96,мармелад,рахат
97,97,сок,
98,98,вино,
99,99,саморез,
100,100,майонез,
101,101,саморез,
102,102,пряники,
103,103,батончик,
104,104,,
105,105,гельлак,
106,106,,
107,107,цепь,
108,108,,
109,109,крем,
110,110,перчатки,
111,111,,
112,112,краска,гармония
113,113,юбка,
114,114,колбаса,
115,115,корзина,
116,116,футболка,
117,117,герметик,
118,118,,
119,119,футболка,
120,120,,
121,121,носки,
122,122,кофе,
123,123,сайра,доброфлот
124,124,маслины,
125,125,фисташки,
126,126,палочки,санта
127,127,коврик,
128,128,болт,
129,129,удлинитель,
130,130,соусбургер,
131,131,попкорн,
132,132,зефир,
133,133,аджика,аэлита
134,134,,
135,135,настойка,
136,136,напиток,
137,137,водка,
138,138,перчатки,
139,139,конфеты,
140,140,арахис,
141,141,,
142,142,ботинки,
143,143,икра,барко
144,144,батон,
145,145,модель,
146,146,герметик,
147,147,прокладки,
148,148,спрей,
149,149,хлебхлеб,кунгурский
150,150,,
151,151,скумбрия,
152,152,фильтр,
153,153,носки,
154,154,пластырь,
155,155,миска,принцесса
156,156,,
157,157,пакет,
158,158,творог,
159,159,пальто,
160,160,шампунь,чистая
161,161,кофекапучино,
162,162,,
163,163,,
164,164,сырокпалочки,свитлогорье
165,165,,
166,166,муфта,
167,167,,
168,168,попкорнкарамель,
169,169,лента,
170,170,икра,
171,171,,
172,172,,
173,173,футболка,
174,174,босоножки,
175,175,трусы,
176,176,саморез,
177,177,,
178,178,палочки,санта
179,179,бальзам,
180,180,,
181,181,эскимо,золотой
182,182,,
183,183,фильтр,
184,184,лимонад,
185,185,куртка,
186,186,,
187,187,соус,
188,188,,
189,189,,
190,190,футболка,
191,191,плитка,
192,192,,
193,193,пальто,
194,194,,
195,195,прокладки,
196,196,напиток,
197,197,леденцыпастилки,
198,198,болт,
199,199,футболка,
200,200,нектар,
201,201,альбом,lol
202,202,лапша,
203,203,,
204,204,болт,
205,205,,
206,206,,
207,207,дрожжи,
208,208,мыло,аист
209,209,крекер,
210,210,,
211,211,сабо,
212,212,конфетышоколадпакет,
213,213,,
214,214,футболка,
215,215,лампа,ecola
216,216,,
217,217,,
218,218,,шебекинские
219,219,лампа,narva
220,220,обувь,
221,221,пиво,
222,222,фильтр,
223,223,батон,
224,224,,
225,225,вафли,лакомка
226,226,водка,
227,227,водолазка,
228,228,чистящеепорошок,пемолюкс
229,229,пазл,
230,230,краска,
231,231,гельлак,
232,232,,
233,233,кружка,
234,234,коктейль,село
235,235,,
236,236,,
237,237,джемпер,
238,238,аскорбиновая,
239,239,тетрадь,
240,240,муфта,
241,241,,
242,242,футболка,
243,243,футболка,
244,244,,armani
245,245,саморез,
246,246,сметана,кириешки
247,247,салат,
248,248,батарейка,
249,249,саморезпакет,
250,250,футболка,
251,251,пальто,
252,252,зубнаяпаста,
253,253,квас,хлебный
254,254,,фрутоняня
255,255,краска,dali
256,256,сандалеты,сандалеты
257,257,носки,falke
258,258,,
259,259,,
260,260,футболка,
261,261,ремень,
262,262,,
263,263,,
264,264,напитоклимонад,
265,265,цепь,
266,266,,
267,267,контейнер,
268,268,,простоквашино
269,269,вода,
270,270,,
271,271,конфеты,
272,272,сухарики,
273,273,,
274,274,соус,
275,275,печенье,
276,276,капли,
277,277,лосьон,
278,278,носки,nike
279,279,,
280,280,,
281,281,,
282,282,напиток,
283,283,порошок,
284,284,,
285,285,,
286,286,гель,
287,287,,
288,288,пластырь,
289,289,футболка,
290,290,сок,
291,291,,
292,292,,
293,293,,
294,294,,
295,295,пельмени,
296,296,чай,
297,297,плита,
298,298,лапша,
299,299,,
300,300,,
301,301,конфеты,
302,302,пакеты,
303,303,,
304,304,,
305,305,лопата,эверест
306,306,,
307,307,,
308,308,,
309,309,,ушастый
310,310,пена,
311,311,,
312,312,футболка,
313,313,лента,
314,314,палочки,
315,315,пиво,
316,316,,
317,317,кастрюля,
318,318,,
319,319,джем,
320,320,обувь,
321,321,лимонад,
322,322,,
323,323,ремень,
324,324,,
325,325,семечки,джинн
326,326,футболка,
327,327,брюки,demix
328,328,напит,
329,329,,
330,330,,
331,331,,
332,332,,
333,333,водка,абсолют
334,334,настойка,
335,335,вино,grand
336,336,футболка,
337,337,заглушка,
338,338,молочко,
339,339,щипцы,
340,340,пальто,
341,341,,
342,342,капли,
343,343,зефир,
344,344,худиbefree,befree
345,345,,
346,346,удлинитель,
347,347,карамель,
348,348,куртка,
349,349,пластырь,
350,350,папка,
351,351,футболка,
352,352,миксер,stayer
353,353,скотч,stayer
354,354,,
355,355,,
356,356,сандалии,
357,357,карамель,
358,358,,
359,359,бумага,
360,360,ручка,stabilo
361,361,,
362,362,лампа,feron
363,363,дезодорантгель,дезодорант
364,364,мыло,
365,365,нектар,
366,366,,
367,367,лимонад,
368,368,,
369,369,маркер,centropen
370,370,болт,
371,371,,
372,372,,коркунов
373,373,яйцо,
374,374,пиво,
375,375,,
376,376,карамель,halls
377,377,бур,практика
378,378,корм,
379,379,болт,
380,380,,
381,381,,
382,382,ремень,
383,383,творог,простоквашино
384,384,,
385,385,,
386,386,коврик,
387,387,,красавчик
388,388,муфта,
389,389,соус,
390,390,,
391,391,,
392,392,,
393,393,гель,
394,394,,
395,395,футболка,
396,396,пиво,старый
397,397,карандаш,
398,398,,
399,399,кофтафутболка,
400,400,,
401,401,пена,
402,402,,
403,403,сухарики,кириешки
404,404,пакеты,
405,405,,
406,406,футболка,
407,407,,
408,408,обувь,
409,409,,
410,410,аэрозоль,
411,411,рюкзак,
412,412,,
413,413,босоножки,
414,414,топ,твое
415,415,,
416,416,ремень,
417,417,рюкзак,
418,418,ветровка,
419,419,уксус,сибирский
420,420,бальзам,
421,421,хлебцы,
422,422,пальто,
423,423,кабель,apple
424,424,,
425,425,юбка,mango
426,426,салфетки,bouquet
427,427,футболка,
428,428,саморез,
429,429,,
430,430,чехол,
431,431,палочки,
432,432,носки,
433,433,молоко,
434,434,напиток,
435,435,муфта,
436,436,,
437,437,лимонад,
438,438,,
439,439,бита,matrix
440,440,,
441,441,,
442,442,вино,
443,443,кофе,президент
444,444,,
445,445,,
446,446,соединитель,
447,447,,
448,448,,stayer
449,449,,
450,450,футболкакостюм,
451,451,футболка,
452,452,сок,
453,453,шампунь,чистая
454,454,ананасы,
455,455,коврик,vetta
456,456,,святой
457,457,куртка,
458,458,фильтр,
459,459,,
460,460,,
461,461,творог,
462,462,лепешка,
463,463,ремень,
464,464,рис,
465,465,,
466,466,футболка,
467,467,футболкаполо,
468,468,шапкаvulpes,vulpes
469,469,ботинки,
470,470,вода,
471,471,,
472,472,лимонад,
473,473,коврик,
474,474,носки,
475,475,сок,
476,476,джинсы,
477,477,футболка,
478,478,футболка,
479,479,,
480,480,бур,
481,481,сидр,
482,482,,
483,483,босоножки,
484,484,семечки,
485,485,герметик,
486,486,нож,
487,487,,
488,488,альбом,
489,489,свечи,
490,490,каша,
491,491,,
492,492,,
493,493,пиво,золотая
494,494,саморез,
495,495,,
496,496,,
497,497,,
498,498,труба,
499,499,муфта,
500,500,ветровка,
501,501,мышьпогремушкапакет,
502,502,вода,
503,503,крем,
504,504,креммыло,
505,505,лампа,ecola
506,506,пельмени,
507,507,сок,фрутоняня
508,508,гайка,
509,509,,
510,510,,
511,511,салфетки,
512,512,,
513,513,футболка,
514,514,крекермолоко,веселая
515,515,творогконтейнер,
516,516,,
517,517,мазь,
518,518,,
519,519,фильтр,
520,520,,аэлита
521,521,маскамолочко,
522,522,суп,приправыч
523,523,горбуша,акватория
524,524,футболка,
525,525,вода,святой
526,526,саморез,
527,527,лампа,narva
528,528,вафли,
529,529,шампунь,чистая
530,530,пиво,
531,531,муфта,
532,532,,
533,533,,
534,534,корм,
535,535,сигареты,
536,536,,
537,537,,
538,538,,
539,539,обувь,
540,540,ботинки,
541,541,,
542,542,болт,
543,543,нектар,
544,544,,
545,545,ножницы,fiskars
546,546,плитка,
547,547,befree,befree
548,548,поло,adidas
549,549,,
550,550,толстовка,
551,551,,
552,552,сыр,
553,553,саморезы,
554,554,,пемолюкс
555,555,ручка,
556,556,,hegel
557,557,вентилятор,
558,558,бумага,
559,559,,
560,560,каша,
561,561,,
562,562,ботинки,chloe
563,563,,
564,564,,
565,565,игрушка,
566,566,розетка,
567,567,,
568,568,леденцы,
569,569,ластик,хатбер
570,570,эскимо,
571,571,болт,
572,572,пиво,
573,573,,
574,574,водка,сибирский
575,575,вода,
576,576,дезодорант,дезодорант
577,577,герметик,
578,578,кофе,
579,579,шоколад,
580,580,спрей,
581,581,ботинки,
582,582,,
583,583,,
584,584,,русский
585,585,коньяк,жемчужина
586,586,,grand
587,587,шоколад,
588,588,кофе,
589,589,леденцы,
590,590,,
591,591,,
592,592,,
593,593,пластырь,
594,594,драже,
595,595,,
596,596,батон,
597,597,ботинки,
598,598,колбаса,
599,599,шоколад,лесной
600,600,пальто,zari
601,601,ремень,
602,602,,
603,603,,
604,604,болт,
605,605,,
606,606,сифон,
607,607,,
608,608,батон,
609,609,лопата,сибртех
610,610,шоколад,callebaut
611,611,,
612,612,батончик,
613,613,ботинки,skechers
614,614,крем,
615,615,выключатель,олимп
616,616,,
617,617,футболка,
618,618,,fit
619,619,,
620,620,карандаш,
621,621,пастилки,
622,622,,hegel
623,623,гель,
624,624,кашамолоко,
625,625,майка,tezenis
626,626,,
627,627,болт,
628,628,сандалии,
629,629,,
630,630,футболка,
631,631,сырок,
632,632,,
633,633,скраб,fito
634,634,,фиеста
635,635,,
636,636,гренки,
637,637,футболка,
638,638,,
639,639,ботинки,
640,640,вино,
641,641,сосиски,
642,642,,
643,643,заглушка,
644,644,шапка,
645,645,сверло,зубр
646,646,колбаса,
647,647,батончик,
648,648,,
649,649,,
650,650,,
651,651,гренки,
652,652,удобрение,дядя
653,653,,
654,654,коктейль,
655,655,пельмени,
656,656,мылопленка,
657,657,фуфайкафутболка,
658,658,,зубр
659,659,,
660,660,зубная,
661,661,лампа,philips
662,662,,
663,663,попкорн,
664,664,футболкафуфайка,
665,665,футболка,
666,666,прокладки,
667,667,платье,
668,668,,
669,669,,
670,670,,
671,671,,
672,672,пенал,berlingo
673,673,,
674,674,удобрение,
675,675,ботинки,
676,676,вино,
677,677,,
678,678,,
679,679,,sen
680,680,ботинкиботинки,
681,681,саморез,
682,682,чипсы,
683,683,,
684,684,контейнер,
685,685,босоножки,
686,686,скумбрия,
687,687,,
688,688,пена,
689,689,,
690,690,мороженоеэскимо,золотой
691,691,,
692,692,,
693,693,футболка,
694,694,пюре,
695,695,масло,
696,696,,
697,697,,
698,698,,incanto
699,699,паста,
700,700,,
701,701,эмаль,
702,702,,
703,703,хлебцы,
704,704,наполнитель,
705,705,бумага,
706,706,,
707,707,хлеб,
708,708,босоножки,lavanta
709,709,,
710,710,,
711,711,грунт,
712,712,спрей,
713,713,,балтика
714,714,,tdm
715,715,дезодорантспрей,дезодорантnivea
716,716,кофе,
717,717,ремень,
718,718,печень,
719,719,сухарикисметана,кириешки
720,720,гуашь,artspace
721,721,майонез,
722,722,перецгорошек,kamis
723,723,герметик,
724,724,фильтр,
725,725,пюре,
726,726,наушники,
727,727,сыр,
728,728,,
729,729,,
730,730,,
731,731,,
732,732,рюкзак,
733,733,,
734,734,томатперец,
735,735,,
736,736,мороженое,
737,737,,
738,738,грунт,kudo
739,739,,
740,740,,
741,741,мороженое,
742,742,рубашка,
743,743,кепка,
744,744,футболка,
745,745,конфеты,
746,746,корм,
747,747,картофель,
748,748,,лея
749,749,щетка,
750,750,вода,славянка
751,751,тарелка,
752,752,,
753,753,,
754,754,фильтр,valtec
755,755,хлопья,
756,756,,
757,757,,
758,758,карамель,
759,759,футболка,
760,760,шорты,ovs
761,761,саморез,
762,762,кеды,vagabond
763,763,уголок,
764,764,ботинки,
765,765,вода,святой
766,766,зубнаящетка,
767,767,,
768,768,ножовка,
769,769,напиток,
770,770,футболка,
771,771,,
772,772,,
773,773,лампа,
774,774,клей,момент
775,775,футболка,
776,776,,
777,777,,зенит
778,778,папка,
779,779,,
780,780,,
781,781,коньяксуп,
782,782,,
783,783,напит,любимый
784,784,шампунь,estel
785,785,переходник,
786,786,клей,lovely
787,787,леденцы,
788,788,футболка,
789,789,батончикхлеб,диво
790,790,,
791,791,приправа,приправыч
792,792,футболка,
793,793,,
794,794,,
795,795,мармелад,
796,796,водка,
797,797,футболка,
798,798,джемпер,brave
799,799,лимонад,
800,800,,
801,801,,
802,802,держатель,
803,803,,
804,804,,
805,805,,
806,806,паста,
807,807,,
808,808,,
809,809,мороженое,
810,810,,
811,811,макароны,
812,812,краска,луч
813,813,,
814,814,,
815,815,футболка,
816,816,игрушка,
817,817,,
818,818,грудинка,
819,819,соус,heinz
820,820,патчи,garnier
821,821,линза,
822,822,,
823,823,яйцодраже,
824,824,,grandorf
825,825,,
826,826,,
827,827,напиток,
828,828,,
829,829,,
830,830,,tdm
831,831,вода,
832,832,,
833,833,кетчуп,слобода
834,834,рулетка,
835,835,,
836,836,болт,
837,837,арахис,
838,838,чехолчехол,золотой
839,839,фильтр,
840,840,,
841,841,,
842,842,заглушка,
843,843,пленка,
844,844,,
845,845,линза,
846,846,,
847,847,футболка,
848,848,,
849,849,пельмени,
850,850,печенье,любятово
851,851,,nordman
852,852,,electro
853,853,макароны,
854,854,,
855,855,брюки,falke
856,856,фильтр,
857,857,саморез,
858,858,маска,
859,859,блины,папа
860,860,,
861,861,колбаса,
862,862,шкаф,
863,863,колодка,
864,864,тарелка,
865,865,зефир,
866,866,сигареты,lucky
867,867,майонез,
868,868,,
869,869,лимонад,
870,870,,choupette
871,871,,
872,872,помада,морозко
873,873,,
874,874,фильтр,
875,875,нектар,
876,876,рюкзак,
877,877,пиджак,
878,878,,
879,879,футболка,
880,880,,
881,881,,ozera
882,882,,
883,883,футболка,
884,884,скумбрия,
885,885,саморез,
886,886,,русский
887,887,шампунь,
888,888,,
889,889,куртка,
890,890,кофе,
891,891,,fit
892,892,гель,
893,893,конфеты,
894,894,коктейльмороженое,чудо
895,895,эмаль,
896,896,,
897,897,,
898,898,напиток,
899,899,уголок,frap
900,900,брюки,
901,901,,
902,902,,
903,903,удлинитель,
904,904,саморез,
905,905,,фосфалюгель
906,906,,
907,907,молоко,
908,908,,
909,909,,
910,910,скумбрия,
911,911,вино,олимп
912,912,,
913,913,сумка,
914,914,клейцемент,
915,915,зефир,
916,916,снекилуковые,
917,917,саморез,
918,918,журнал,
919,919,,
920,920,мука,
921,921,рюкзак,
922,922,,
923,923,платье,gap
924,924,ботинки,
925,925,туфли,
926,926,печенье,сладонеж
927,927,,
928,928,ботинки,
929,929,прокладки,
930,930,скумбрия,
931,931,раскраска,
932,932,,
933,933,ботинки,
934,934,полуботинки,
935,935,,
936,936,,
937,937,,
938,938,жевательная,orbit
939,939,футболка,
940,940,соус,heinz
941,941,,
942,942,,
943,943,напиток,
944,944,,
945,945,футболка,
946,946,,
947,947,зубная,splat
948,948,шампунь,чистая
949,949,молоко,
950,950,очки,
951,951,,
952,952,семечки,джинн
953,953,вода,
954,954,морс,добрый
955,955,,
956,956,,
957,957,ролл,волжский
958,958,,
959,959,соусаджика,сава
960,960,,
961,961,паста,
962,962,,жигули
963,963,держатель,
964,964,,бон
965,965,фильтр,hyundai
966,966,,
967,967,сарафан,zarina
968,968,пастила,
969,969,ремень,
970,970,шоколад,престиж
971,971,колодка,tdm
972,972,саморез,
973,973,вино,
974,974,куртка,zara
975,975,грунт,
976,976,,
977,977,вода,
978,978,,
979,979,ремень,
980,980,зефир,вдохновение
981,981,футболка,
982,982,,orbit
983,983,сок,фруто
984,984,виски,
985,985,масло,
986,986,печенье,любятово
987,987,семечки,джинн
988,988,,
989,989,,
990,990,молоко,
991,991,кабель,
992,992,болт,brozex
993,993,,
994,994,болт,
995,995,сахар,
996,996,,
997,997,напиток,тан
998,998,футболка,
999,999,футболка,
1000,1000,,
1001,1001,водка,
1002,1002,,
1003,1003,шпатлевка,
1004,1004,колготки,
1005,1005,,
1006,1006,футболка,
1007,1007,,
1008,1008,,микодерил
1009,1009,,
1010,1010,фасоль,
1011,1011,кисть,
1012,1012,,bosch
1013,1013,,банеоцин
1014,1014,,
1015,1015,,
1016,1016,фильтр,
1017,1017,,
1018,1018,футболка,
1019,1019,саморез,сфера
1020,1020,шоколад,callebaut
1021,1021,,
1022,1022,бинт,
1023,1023,каша,быстров
1024,1024,футболкаполо,
1025,1025,худи,puma
1026,1026,тетрадь,
1027,1027,сковорода,олимп
1028,1028,,
1029,1029,яйцо,
1030,1030,,
1031,1031,муфта,
1032,1032,джинсы,
1033,1033,,
1034,1034,напиток,
1035,1035,,
1036,1036,кофе,
1037,1037,тетрадьлинейка,
1038,1038,бисер,
1039,1039,пирог,
1040,1040,батончиксолькарамель,
1041,1041,,
1042,1042,вентилятор,
1043,1043,,
1044,1044,карандаши,
1045,1045,футболка,
1046,1046,печенье,брянконфи
1047,1047,шпатлевка,
1048,1048,ботинки,
1049,1049,адаптер,
1050,1050,фуфайкафутболка,
1051,1051,,bosch
1052,1052,майонез,
1053,1053,,русское
1054,1054,сыр,село
1055,1055,ботинки,
1056,1056,наклейкипакет,artspace
1057,1057,,
1058,1058,шапка,
1059,1059,туфли,royal
1060,1060,пивокружка,
1061,1061,футболка,
1062,1062,,
1063,1063,пластырькатушка,
1064,1064,,
1065,1065,ремень,
1066,1066,йогурт,
1067,1067,,
1068,1068,,
1069,1069,драже,skittles
1070,1070,дрельмиксер,зубр
1071,1071,держатель,
1072,1072,сумка,
1073,1073,,
1074,1074,контейнер,
1075,1075,масло,
1076,1076,пюре,
1077,1077,,
1078,1078,,
1079,1079,,
1080,1080,вода,
1081,1081,,
1082,1082,,
1083,1083,маркер,centropen
1084,1084,сливки,любимое
1085,1085,,
1086,1086,цепь,
1087,1087,батон,
1088,1088,футболка,
1089,1089,,president
1090,1090,луковыесметана,
1091,1091,,
1092,1092,,attache
1093,1093,краска,
1094,1094,лимонад,
1095,1095,,
1096,1096,лапша,
1097,1097,вода,borjomi
1098,1098,напиток,любимый
1099,1099,ботинки,
1100,1100,футболка,
1101,1101,,
1102,1102,,
1103,1103,джемпер,
1104,1104,,
1105,1105,,
1106,1106,,bosch
1107,1107,кабель,
1108,1108,футболка,
1109,1109,,
1110,1110,кормрыбасоус,
1111,1111,семена,
1112,1112,,
1113,1113,майка,donella
1114,1114,,
1115,1115,пирожное,милка
1116,1116,мылоспрей,
1117,1117,рамка,
1118,1118,масло,
1119,1119,замок,
1120,1120,пальто,
1121,1121,,горная
1122,1122,,
1123,1123,,
1124,1124,,
1125,1125,пенал,
1126,1126,,
1127,1127,пирожное,
1128,1128,батарейки,
1129,1129,кранклей,
1130,1130,,erich
1131,1131,гель,
1132,1132,футболка,
1133,1133,наполнитель,
1134,1134,клей,
1135,1135,,
1136,1136,печенье,
1137,1137,сухарики,
1138,1138,полотенце,
1139,1139,соус,
1140,1140,гель,
1141,1141,,
1142,1142,зефир,
1143,1143,ремень,
1144,1144,,
1145,1145,футболка,
1146,1146,сидр,
1147,1147,розетка,
1148,1148,,
1149,1149,,
1150,1150,,
1151,1151,футболка,
1152,1152,антифриз,
1153,1153,ластикпазл,
1154,1154,футболка,
1155,1155,сухарики,кириешки
1156,1156,снеки,
1157,1157,,zara
1158,1158,,
1159,1159,яйцо,
1160,1160,пельмени,
1161,1161,,
1162,1162,водка,
1163,1163,туфли,
1164,1164,пакет,монастырская
1165,1165,,
1166,1166,колбаса,
1167,1167,сосиски,
1168,1168,макаронныемакаронывермишель,
1169,1169,болт,
1170,1170,тампоны,
1171,1171,,
1172,1172,чехол,nikenike
1173,1173,,
1174,1174,крем,
1175,1175,,
1176,1176,крупарис,
1177,1177,,милка
1178,1178,,
1179,1179,стул,
1180,1180,мышь,
1181,1181,,
1182,1182,шапка,
1183,1183,футболка,
1184,1184,чай,гармония
1185,1185,сосиски,
1186,1186,,
1187,1187,туфли,
1188,1188,сумка,
1189,1189,,
1190,1190,блуза,finn
1191,1191,гренкисоус,фишка
1192,1192,,
1193,1193,,емв
1194,1194,лимонад,сладинка
1195,1195,пакеты,grifon
1196,1196,борщ,
1197,1197,ручка,
1198,1198,маслины,
1199,1199,зефир,
1200,1200,напиток,моя
1201,1201,шапкаvulpes,vulpes
1202,1202,лента,brauberg
1203,1203,спрей,
1204,1204,сосиски,мясницкий
1205,1205,клей,момент
1206,1206,,
1207,1207,,
1208,1208,вода,
1209,1209,,
1210,1210,,
1211,1211,лонгслив,
1212,1212,пельмени,
1213,1213,чипсыколбаски,
1214,1214,майонез,
1215,1215,полотенца,plushe
1216,1216,,
1217,1217,,
1218,1218,изолента,
1219,1219,табак,
1220,1220,,stabilo
1221,1221,кастрюля,
1222,1222,пряники,
1223,1223,кондиционер,
1224,1224,,
1225,1225,,
1226,1226,топ,
1227,1227,зефир,
1228,1228,,
1229,1229,наполнитель,
1230,1230,корм,
1231,1231,,
1232,1232,вода,fanta
1233,1233,брюки,
1234,1234,пельмени,
1235,1235,печенье,
1236,1236,,
1237,1237,герметик,
1238,1238,,
1239,1239,игрушка,
1240,1240,скумбрия,
1241,1241,замок,
1242,1242,шоколад,ritter
1243,1243,конструктор,
1244,1244,десерт,пиканта
1245,1245,,
1246,1246,ошейник,
1247,1247,шампуньбальзам,
1248,1248,,brauberg
1249,1249,,
1250,1250,паста,кубаночка
1251,1251,молоко,
1252,1252,лапша,
1253,1253,,
1254,1254,футболка,
1255,1255,,
1256,1256,саморезыпакет,
1257,1257,,
1258,1258,саморез,
1259,1259,футболка,
1260,1260,,
1261,1261,,
1262,1262,джемпер,
1263,1263,торт,
1264,1264,полотенце,
1265,1265,болт,
1266,1266,перчатки,benovy
1267,1267,носки,
1268,1268,,
1269,1269,йогурт,
1270,1270,футболкафуфайка,
1271,1271,ремень,
1272,1272,носки,
1273,1273,кормконсервысоус,
1274,1274,футболкаполо,
1275,1275,,
1276,1276,болт,
1277,1277,джемпер,
1278,1278,котлеты,русский
1279,1279,,
1280,1280,календарь,hatber
1281,1281,клей,зубр
1282,1282,,
1283,1283,,
1284,1284,пюре,бабушкино
1285,1285,корм,kitekat
1286,1286,печенье,
1287,1287,блуза,
1288,1288,батончикшоколад,
1289,1289,,
1290,1290,уксус,
1291,1291,сахар,
1292,1292,пельмени,морозко
1293,1293,толстовка,deha
1294,1294,,
1295,1295,,
1296,1296,конфетамороженое,
1297,1297,,
1298,1298,филе,
1299,1299,,
1300,1300,напиток,
1301,1301,круассан,
1302,1302,,
1303,1303,,
1304,1304,фарш,
1305,1305,пюресоус,
1306,1306,лакомство,
1307,1307,,
1308,1308,пельмени,
1309,1309,грунт,
1310,1310,сервелат,
1311,1311,пельменисвинина,
1312,1312,платочки,
1313,1313,,
1314,1314,держатель,
1315,1315,ботинки,
1316,1316,,
1317,1317,,
1318,1318,,
1319,1319,виски,
1320,1320,зефир,
1321,1321,пюре,бабушкино
1322,1322,саморез,
1323,1323,шоколад,
1324,1324,,
1325,1325,ручка,
1326,1326,,nemoloko
1327,1327,колодки,
1328,1328,,
1329,1329,,
1330,1330,розетка,
1331,1331,ручка,
1332,1332,розетка,
1333,1333,,
1334,1334,,
1335,1335,футболка,
1336,1336,,
1337,1337,антифриз,sintec
1338,1338,,
1339,1339,лампа,
1340,1340,эмаль,
1341,1341,,гурме
1342,1342,,
1343,1343,пюре,роллтон
1344,1344,,
1345,1345,,
1346,1346,мыло,
1347,1347,спрей,аквалор
1348,1348,,
1349,1349,лимонад,
1350,1350,кисть,
1351,1351,чай,
1352,1352,,
1353,1353,колодка,
1354,1354,сок,
1355,1355,наушники,
1356,1356,,унипласт
1357,1357,шорты,
1358,1358,лонгслив,sela
1359,1359,,
1360,1360,напиток,
1361,1361,,
1362,1362,мармеладбургер,
1363,1363,паста,
1364,1364,спрей,
1365,1365,,
1366,1366,,
1367,1367,масло,
1368,1368,,
1369,1369,,
1370,1370,,
1371,1371,,
1372,1372,,
1373,1373,футболка,
1374,1374,эмаль,
1375,1375,пиво,
1376,1376,,
1377,1377,кофе,
1378,1378,вода,пилигрим
1379,1379,пельмени,
1380,1380,,
1381,1381,,
1382,1382,дезодорант,дезодорантnivea
1383,1383,свитшот,
1384,1384,альбомальбом,
1385,1385,тройник,
1386,1386,,
1387,1387,лампа,ecola
1388,1388,,
1389,1389,маркер,
1390,1390,хлебцы,
1391,1391,мыло,
1392,1392,ботинки,
1393,1393,кофе,
1394,1394,пряжа,
1395,1395,ручка,stabilo
1396,1396,,
1397,1397,пеналмешок,
1398,1398,носки,гамма
1399,1399,,
1400,1400,коврик,
1401,1401,крышка,tdm
1402,1402,,
1403,1403,молоко,рогачевъ
1404,1404,приправа,айдиго
1405,1405,юбка,
1406,1406,лапша,
1407,1407,,
1408,1408,зубная,
1409,1409,йогурт,
1410,1410,,
1411,1411,,
1412,1412,обувь,tommy
1413,1413,вода,
1414,1414,футболка,
1415,1415,футболка,
1416,1416,,
1417,1417,,
1418,1418,,
1419,1419,коктейль,чудо
1420,1420,,балтика
1421,1421,фуфайкафутболка,
1422,1422,шоколад,
1423,1423,крем,
1424,1424,шапкаvulpes,vulpes
1425,1425,,
1426,1426,,
1427,1427,штопор,
1428,1428,,
1429,1429,зажигалка,
1430,1430,,
1431,1431,,
1432,1432,,
1433,1433,мороженое,
1434,1434,сыр,
1435,1435,,
1436,1436,сухарики,кириешки
1437,1437,билет,
1438,1438,,
1439,1439,джемпер,
1440,1440,вино,
1441,1441,,
1442,1442,коврик,
1443,1443,сланцы,reebok
1444,1444,футболка,
1445,1445,батарейки,
1446,1446,вино,
1447,1447,,ralf
1448,1448,соус,
1449,1449,семенасемечки,
1450,1450,батончик,
1451,1451,футболка,
1452,1452,держатель,
1453,1453,,
1454,1454,майонез,
1455,1455,,
1456,1456,бульменисвинина,
1457,1457,мыло,
1458,1458,,
1459,1459,,
1460,1460,соус,heinz
1461,1461,йогурт,
1462,1462,вентилятор,
1463,1463,,
1464,1464,сыр,
1465,1465,майонез,
1466,1466,,
1467,1467,,
1468,1468,вода,пилигрим
1469,1469,заглушка,
1470,1470,,
1471,1471,краска,
1472,1472,пряники,
1473,1473,,
1474,1474,диск,практика
1475,1475,торт,baker
1476,1476,,
1477,1477,ботинки,
1478,1478,,
1479,1479,,
1480,1480,напитоклимонад,
1481,1481,скумбриярыба,
1482,1482,,tnlпалитра
1483,1483,виски,
1484,1484,,
1485,1485,футболка,
1486,1486,футболка,
1487,1487,,
1488,1488,,
1489,1489,,
1490,1490,саморез,
1491,1491,кабельзамок,
1492,1492,замок,
1493,1493,,
1494,1494,драже,
1495,1495,,
1496,1496,,
1497,1497,сок,фруто
1498,1498,семена,
1499,1499,,
1500,1500,мороженоеэскимо,чистая
1501,1501,болт,
1502,1502,,
1503,1503,суп,
1504,1504,,orbit
1505,1505,,
1506,1506,макароны,
1507,1507,супсолянка,приправыч
1508,1508,,
1509,1509,шкаф,
1510,1510,шампунь,чистая
1511,1511,,
1512,1512,,
1513,1513,футболка,
1514,1514,,балтика
1515,1515,подгузники,pampers
1516,1516,,
1517,1517,обувь,
1518,1518,,
1519,1519,,
1520,1520,сок,фрутоняня
1521,1521,пирог,
1522,1522,футболка,
1523,1523,вода,
1524,1524,сверло,
1525,1525,герметик,
1526,1526,саморез,
1527,1527,масло,
1528,1528,нектар,
1529,1529,молоко,
1530,1530,ручка,
1531,1531,ветровка,
1532,1532,сироп,
1533,1533,ложкавилка,
1534,1534,гель,
1535,1535,футболка,
1536,1536,футболка,
1537,1537,пряники,
1538,1538,книга,эксмо
1539,1539,переходник,
1540,1540,,
1541,1541,жевательная,
1542,1542,раскраска,
1543,1543,тушь,
1544,1544,шампунь,
1545,1545,муфта,
1546,1546,соус,стебель
1547,1547,масло,
1548,1548,футболкаполо,
1549,1549,рюкзак,
1550,1550,,
1551,1551,,
1552,1552,батарейка,smartbuy
1553,1553,,
1554,1554,,
1555,1555,сыр,
1556,1556,,
1557,1557,шоколад,
1558,1558,,
1559,1559,творог,простоквашино
1560,1560,контейнер,
1561,1561,йогурт,
1562,1562,шампунь,
1563,1563,зефир,
1564,1564,футболка,
1565,1565,,
1566,1566,саморез,
1567,1567,молоко,рогачевъ
1568,1568,гельчай,
1569,1569,футболка,
1570,1570,пиво,
1571,1571,,
1572,1572,контейнер,
1573,1573,розетка,
1574,1574,сок,фруто
1575,1575,,
1576,1576,,хатбер
1577,1577,,
1578,1578,кастрюляэмаль,
1579,1579,,
1580,1580,,кдв
1581,1581,,фрау
1582,1582,,
1583,1583,,
1584,1584,,
1585,1585,костюм,
1586,1586,бинт,
1587,1587,,русалочка
1588,1588,футболка,
1589,1589,ботинки,
1590,1590,,
1591,1591,,
1592,1592,виноберег,
1593,1593,ботинки,
1594,1594,,
1595,1595,,
1596,1596,печенье,
1597,1597,,
1598,1598,кофе,
1599,1599,сметана,ростагроэкспорт
1600,1600,кофе,
1601,1601,пальто,
1602,1602,батон,
1603,1603,,
1604,1604,,
1605,1605,сметанакружка,
1606,1606,,
1607,1607,бисерпакет,
1608,1608,лимонад,
1609,1609,фломастеры,
1610,1610,лимонад,
1611,1611,футболка,
1612,1612,шампунь,
1613,1613,пижама,
1614,1614,,
1615,1615,,
1616,1616,кофекофе,
1617,1617,,
1618,1618,обувь,ecco
1619,1619,,
1620,1620,,
1621,1621,ремень,
1622,1622,соусмайонез,
1623,1623,,аэлита
1624,1624,пирожное,
1625,1625,костюм,
1626,1626,,
1627,1627,обувь,
1628,1628,шапкалопата,
1629,1629,сверло,
1630,1630,,
1631,1631,напиток,
1632,1632,,
1633,1633,фильтр,
1634,1634,вино,
1635,1635,мыло,
1636,1636,,
1637,1637,горчицапряжа,
1638,1638,футболка,
1639,1639,,
1640,1640,,
1641,1641,пельмени,
1642,1642,крем,
1643,1643,рулетка,
1644,1644,чай,эвалар
1645,1645,,
1646,1646,,
1647,1647,палочки,
1648,1648,футболка,
1649,1649,соль,
1650,1650,,
1651,1651,,
1652,1652,зефир,
1653,1653,,
1654,1654,футболка,
1655,1655,чайник,bosch
1656,1656,мыло,
1657,1657,сумка,
1658,1658,футболка,
1659,1659,сумка,
1660,1660,конфеты,
1661,1661,фильтр,
1662,1662,,
1663,1663,футболка,
1664,1664,пюре,сады
1665,1665,контейнер,
1666,1666,сосиски,
1667,1667,жидкость,эвалар
1668,1668,выключатель,
1669,1669,арахис,
1670,1670,пенал,
1671,1671,,sfm
1672,1672,соус,
1673,1673,,rich
1674,1674,ремень,
1675,1675,яйцо,
1676,1676,конфеты,
1677,1677,прокладки,
1678,1678,,
1679,1679,розетка,
1680,1680,сыр,
1681,1681,футболкаполо,
1682,1682,футболка,
1683,1683,,
1684,1684,,
1685,1685,сигареты,
1686,1686,,
1687,1687,,
1688,1688,,
1689,1689,фисташки,
1690,1690,,samsung
1691,1691,,
1692,1692,,
1693,1693,,
1694,1694,,бон
1695,1695,,
1696,1696,гель,
1697,1697,коктейль,чудо
1698,1698,ботинкилак,
1699,1699,шорты,
1700,1700,датчик,iek
1701,1701,водка,
1702,1702,напиток,любимый
1703,1703,футболкамороженое,
1704,1704,яйцо,
1705,1705,ботинки,
1706,1706,,нимесил
1707,1707,молоко,
1708,1708,,
1709,1709,,lori
1710,1710,табак,
1711,1711,сапоги,ulet
1712,1712,,
1713,1713,творог,простоквашино
1714,1714,соус,
1715,1715,кастрюля,
1716,1716,пирожное,аленка
1717,1717,,
1718,1718,,
1719,1719,кофе,
1720,1720,мармелад,
1721,1721,,ovs
1722,1722,ботинки,
1723,1723,корм,
1724,1724,пальто,
1725,1725,джинсы,
1726,1726,перчатки,koto
1727,1727,вода,
1728,1728,,
1729,1729,кроссовки,
1730,1730,,
1731,1731,футболка,
1732,1732,ликер,
1733,1733,сыр,
1734,1734,болт,
1735,1735,,hegel
1736,1736,торт,
1737,1737,,fancy
1738,1738,картриджкартридж,canon
1739,1739,футболка,
1740,1740,,
1741,1741,,
1742,1742,саморез,
1743,1743,удлинитель,
1744,1744,,
1745,1745,конфетышоколад,
1746,1746,пивофильтр,
1747,1747,фильтр,жигулевское
1748,1748,,
1749,1749,вода,
1750,1750,,
1751,1751,луковые,
1752,1752,шоколад,milka
1753,1753,пластилин,lori
1754,1754,пюре,биг
1755,1755,,
1756,1756,шорты,
1757,1757,,
1758,1758,,
1759,1759,клейкартридж,момент
1760,1760,,
1761,1761,,
1762,1762,болт,
1763,1763,ботинки,
1764,1764,,
1765,1765,саморез,
1766,1766,,
1767,1767,,
1768,1768,,
1769,1769,пастила,сибирский
1770,1770,уголок,
1771,1771,печенье,
1772,1772,линза,
1773,1773,ботинки,
1774,1774,,
1775,1775,,
1776,1776,ботинки,
1777,1777,пиво,
1778,1778,рюкзак,
1779,1779,,
1780,1780,,
1781,1781,джинсы,
1782,1782,футболкапудра,
1783,1783,,
1784,1784,,
1785,1785,сумка,
1786,1786,круассаны,
1787,1787,скумбрия,русское
1788,1788,,
1789,1789,огурец,
1790,1790,,
1791,1791,болт,
1792,1792,,
1793,1793,футболка,
1794,1794,зубнаящетка,
1795,1795,,
1796,1796,коврик,
1797,1797,,
1798,1798,тесто,
1799,1799,масло,kixx
1800,1800,ремень,
1801,1801,драже,
1802,1802,контейнер,
1803,1803,ручка,
1804,1804,,
1805,1805,сервелат,
1806,1806,костюм,
1807,1807,футболка,
1808,1808,пряники,
1809,1809,фильтр,
1810,1810,часытарелка,
1811,1811,,
1812,1812,шоколад,
1813,1813,салат,
1814,1814,цепь,
1815,1815,пальто,
1816,1816,футболка,
1817,1817,,
1818,1818,,
1819,1819,куртка,
1820,1820,,
1821,1821,носки,
1822,1822,капли,
1823,1823,фильтр,
1824,1824,,
1825,1825,доскаподставкаутюг,
1826,1826,,
1827,1827,топ,zarina
1828,1828,,
1829,1829,замок,
1830,1830,,
1831,1831,яйцо,
1832,1832,лента,brauberg
1833,1833,,
1834,1834,ботинки,
1835,1835,,
1836,1836,,
1837,1837,майка,
1838,1838,,
1839,1839,сок,бабушкино
1840,1840,,
1841,1841,переходник,
1842,1842,,
1843,1843,ботинки,
1844,1844,платье,
1845,1845,платьеbefree,befree
1846,1846,кофекапучино,
1847,1847,,
1848,1848,саморез,
1849,1849,паста,кубаночка
1850,1850,игрушка,
1851,1851,грунтовка,
1852,1852,футболка,
1853,1853,,
1854,1854,,
1855,1855,конфеты,
1856,1856,,пиканта
1857,1857,,
1858,1858,альбом,
1859,1859,пальто,
1860,1860,замок,
1861,1861,,
1862,1862,,tech
1863,1863,футболкаполо,
1864,1864,ремень,
1865,1865,,
1866,1866,,азбука
1867,1867,вода,
1868,1868,линза,
1869,1869,,
1870,1870,вода,
1871,1871,,
1872,1872,футболка,
1873,1873,шпроты,барс
1874,1874,ремень,
1875,1875,линза,
1876,1876,,
1877,1877,,
1878,1878,кефирзамок,
1879,1879,заглушка,vag
1880,1880,ботинки,
1881,1881,шоколад,ахмад
1882,1882,,
1883,1883,конфеты,
1884,1884,,ralf
1885,1885,,
1886,1886,лампа,philips
1887,1887,конфеты,
1888,1888,,
1889,1889,,
1890,1890,футболка,
1891,1891,подводка,
1892,1892,,
1893,1893,бутсы,
1894,1894,конфеты,
1895,1895,,
1896,1896,,
1897,1897,,
1898,1898,диск,
1899,1899,футболка,
1900,1900,,
1901,1901,толстовка,armani
1902,1902,семечки,
1903,1903,,
1904,1904,вода,
1905,1905,джинсы,
1906,1906,коврик,
1907,1907,,
1908,1908,кофе,
1909,1909,батарейка,
1910,1910,грунтовка,
1911,1911,пиво,старый
1912,1912,,
1913,1913,печенье,золотой
1914,1914,,
1915,1915,чай,эвалар
1916,1916,,
1917,1917,удлинитель,fit
1918,1918,сухарики,
1919,1919,,
1920,1920,болт,
1921,1921,шланг,
1922,1922,,
1923,1923,брюки,
1924,1924,,
1925,1925,,
1926,1926,,
1927,1927,батарейкатест,
1928,1928,попкорн,
1929,1929,,
1930,1930,творог,село
1931,1931,,
1932,1932,подушечки,любятово
1933,1933,саморезы,
1934,1934,,
1935,1935,,
1936,1936,раскраска,
1937,1937,гольфы,acoola
1938,1938,,
1939,1939,,
1940,1940,,
1941,1941,,
1942,1942,вино,
1943,1943,напиток,любимыйлипецкая
1944,1944,,
1945,1945,,
1946,1946,,добродея
1947,1947,футболка,
1948,1948,,
1949,1949,спрей,
1950,1950,плавки,
1951,1951,ботинки,
1952,1952,,
1953,1953,,
1954,1954,замок,
1955,1955,,
1956,1956,лимонад,
1957,1957,брюки,
1958,1958,суп,
1959,1959,,
1960,1960,корм,
1961,1961,хлебхлеб,
1962,1962,кремпеченье,
1963,1963,сыворотка,
1964,1964,мороженое,
1965,1965,,
1966,1966,,
1967,1967,зубочистки,
1968,1968,соус,
1969,1969,напиток,
1970,1970,,grass
1971,1971,плинтус,
1972,1972,,
1973,1973,,
1974,1974,,
1975,1975,обувь,
1976,1976,,
1977,1977,шорты,
1978,1978,,
1979,1979,нитки,gamma
1980,1980,юбка,sinar
1981,1981,приправа,приправыч
1982,1982,ведро,ермак
1983,1983,лапша,
1984,1984,соус,
1985,1985,,
1986,1986,раскраска,
1987,1987,соус,heinz
1988,1988,пирог,
1989,1989,ботинки,
1990,1990,,
1991,1991,семена,
1992,1992,пробка,
1993,1993,футболка,desi
1994,1994,диск,
1995,1995,овощечистка,
1996,1996,горчица,главпродукт
1997,1997,саморез,
1998,1998,масло,
1999,1999,семечки,джинн
2000,2000,молоко,
2001,2001,гель,
2002,2002,,
2003,2003,рис,
2004,2004,серьгисерьги,
2005,2005,мороженое,nestle
2006,2006,ремень,
2007,2007,водолазка,
2008,2008,,
2009,2009,крючок,
2010,2010,ботинки,
2011,2011,настойка,
2012,2012,крем,
2013,2013,,макфа
2014,2014,сковорода,олимп
2015,2015,,
2016,2016,футболка,
2017,2017,,
2018,2018,,
2019,2019,,
2020,2020,,
2021,2021,печенье,
2022,2022,футболка,
2023,2023,рис,
2024,2024,,
2025,2025,мармелад,
2026,2026,блуза,
2027,2027,мыло,
2028,2028,эмаль,
2029,2029,фильтр,
2030,2030,,
2031,2031,сметана,
2032,2032,мыло,
2033,2033,саморез,
2034,2034,рамка,
2035,2035,ботинки,ulet
2036,2036,,canon
2037,2037,,
2038,2038,шапка,
2039,2039,икра,
2040,2040,халва,
2041,2041,коврик,
2042,2042,кофе,
2043,2043,рис,
2044,2044,лак,
2045,2045,хлебхлеб,
2046,2046,лист,
2047,2047,футболка,
2048,2048,лампа,
2049,2049,,
2050,2050,зубнаящетка,neo
2051,2051,соус,стебель
2052,2052,сельдьфиле,
2053,2053,туфли,conte
2054,2054,кофекапучино,
2055,2055,катушка,
2056,2056,,
2057,2057,герметик,
2058,2058,сланцы,
2059,2059,футболка,
2060,2060,напиток,танмокшанский
2061,2061,очиститель,kerry
2062,2062,фильтр,
2063,2063,конфеты,
2064,2064,карандаши,
2065,2065,саморез,
2066,2066,ботинки,
2067,2067,муфта,
2068,2068,контейнер,
2069,2069,,
2070,2070,гель,dove
2071,2071,,
2072,2072,одеялоодеялоуголокпояс,
2073,2073,креммыломасло,
2074,2074,фильтр,
2075,2075,мылокуркума,
2076,2076,футболка,
2077,2077,сандалии,
2078,2078,кефир,
2079,2079,ложка,нытва
2080,2080,доска,
2081,2081,контейнер,
2082,2082,каша,
2083,2083,,sparta
2084,2084,футболка,
2085,2085,футболка,
2086,2086,приправа,добрыйдобрый
2087,2087,бульмени,горячая
2088,2088,,
2089,2089,сырок,
2090,2090,фильтр,
2091,2091,,
2092,2092,,бон
2093,2093,футболка,
2094,2094,,
2095,2095,смазка,
2096,2096,вода,святой
2097,2097,,
2098,2098,заглушкалистлист,
2099,2099,,красавчик
2100,2100,,
2101,2101,болт,
2102,2102,вода,
2103,2103,пакет,азбука
2104,2104,сушка,
2105,2105,футболка,
2106,2106,джинсы,keep
2107,2107,,
2108,2108,лапша,
2109,2109,хлеб,
2110,2110,,
2111,2111,футболка,
2112,2112,футболка,
2113,2113,,
2114,2114,,
2115,2115,,
2116,2116,сухари,
2117,2117,,
2118,2118,сигареты,
2119,2119,масло,
2120,2120,цепь,
2121,2121,носки,
2122,2122,завтрак,nestle
2123,2123,карандаши,
2124,2124,розетка,
2125,2125,,
2126,2126,бальзам,pantene
2127,2127,крыло,
2128,2128,,
2129,2129,рамка,
2130,2130,водка,
2131,2131,крем,
2132,2132,колбаса,
2133,2133,леденцычай,бобс
2134,2134,,
2135,2135,батон,
2136,2136,,
2137,2137,замок,
2138,2138,ремень,
2139,2139,,
2140,2140,,
2141,2141,,
2142,2142,,
2143,2143,,
2144,2144,пюре,
2145,2145,трусы,
2146,2146,эмаль,
2147,2147,выключатель,hegel
2148,2148,сухарикистейк,кириешки
2149,2149,бур,зубр
2150,2150,чипсы,
2151,2151,табак,
2152,2152,рюкзак,
2153,2153,краска,
2154,2154,нож,
2155,2155,хлебцы,
2156,2156,болт,
2157,2157,конфеты,
2158,2158,пальто,
2159,2159,освежитель,
2160,2160,трубка,
2161,2161,,
2162,2162,сметана,
2163,2163,скумбрия,
2164,2164,ботинки,
2165,2165,жевательнаядраже,orbit
2166,2166,йогурт,
2167,2167,рычаг,
2168,2168,контейнер,
2169,2169,,
2170,2170,,
2171,2171,футболка,
2172,2172,,
2173,2173,саморез,
2174,2174,палочкинаконечник,
2175,2175,,
2176,2176,,
2177,2177,,frap
2178,2178,кефир,
2179,2179,футболка,
2180,2180,,lavrlavr
2181,2181,футболка,
2182,2182,пенал,
2183,2183,куртка,
2184,2184,креммыло,
2185,2185,,
2186,2186,коньяк,
2187,2187,кофе,
2188,2188,ремень,
2189,2189,биойогурт,
2190,2190,яйцо,
2191,2191,пряники,
2192,2192,удобрение,
2193,2193,,
2194,2194,,
2195,2195,,московский
2196,2196,,
2197,2197,,
2198,2198,,
2199,2199,вино,
2200,2200,,
2201,2201,,
2202,2202,пирогшоколадкарамель,
2203,2203,сливки,
2204,2204,яйцо,
2205,2205,свекла,
2206,2206,,
2207,2207,замок,
2208,2208,заглушка,
2209,2209,,котофей
2210,2210,,
2211,2211,гель,
2212,2212,сигаретытабак,
2213,2213,контейнер,
2214,2214,,
2215,2215,сироп,
2216,2216,,
2217,2217,кастрюляэмаль,
2218,2218,,
2219,2219,,
2220,2220,,
2221,2221,пиво,
2222,2222,часы,
2223,2223,,
2224,2224,салфетки,
2225,2225,футболка,
2226,2226,,
2227,2227,ботинки,
2228,2228,тампоны,
2229,2229,,
2230,2230,шапка,
2231,2231,кронштейн,
2232,2232,,
2233,2233,пельмени,
2234,2234,,
2235,2235,,
2236,2236,,
2237,2237,,
2238,2238,булочка,
2239,2239,коврикпанель,
2240,2240,футболка,
2241,2241,кефир,
2242,2242,,
2243,2243,конфеты,
2244,2244,плитка,
2245,2245,перчатки,
2246,2246,колодка,
2247,2247,,
2248,2248,,
2249,2249,,
2250,2250,,
2251,2251,кофе,московский
2252,2252,,
2253,2253,вода,жемчужина
2254,2254,саморез,
2255,2255,вино,кубань
2256,2256,,
2257,2257,шкаф,bosch
2258,2258,бисер,
2259,2259,мыло,
2260,2260,лампа,ecola
2261,2261,жидкость,sintec
2262,2262,,
2263,2263,рулетка,
2264,2264,фильтр,
2265,2265,,бонаква
2266,2266,футболка,
2267,2267,краска,
2268,2268,,
2269,2269,держатель,
2270,2270,,
2271,2271,батончик,
2272,2272,ремень,
2273,2273,,
2274,2274,,
2275,2275,,
2276,2276,,
2277,2277,,
2278,2278,трубка,
2279,2279,,бон
2280,2280,печенье,
2281,2281,пряники,
2282,2282,,
2283,2283,,нимесил
2284,2284,штопорручка,
2285,2285,водавода,святой
2286,2286,завтрак,
2287,2287,йогурт,
2288,2288,,
2289,2289,бальзаммолоко,
2290,2290,рулетка,
2291,2291,,
2292,2292,адаптер,
2293,2293,муфта,
2294,2294,куртка,
2295,2295,футболка,
2296,2296,,
2297,2297,автолампа,
2298,2298,костюм,
2299,2299,лакомствомороженое,
2300,2300,заглушка,
2301,2301,вино,
2302,2302,носки,
2303,2303,,котофей
2304,2304,семечки,джинн
2305,2305,шоколад,
2306,2306,карамель,рот
2307,2307,сыр,
2308,2308,бальзам,
2309,2309,футболка,spri
2310,2310,крючок,
2311,2311,пакетмайка,
2312,2312,адаптершланг,
2313,2313,уплотнитель,vag
2314,2314,конфеты,
2315,2315,,
2316,2316,,
2317,2317,ботинки,
2318,2318,вентиль,
2319,2319,,
2320,2320,,виферон
2321,2321,,
2322,2322,,
2323,2323,зажим,
2324,2324,болт,
2325,2325,соус,
2326,2326,,
2327,2327,,
2328,2328,рамка,
2329,2329,книга,эксмо
2330,2330,,
2331,2331,молоко,
2332,2332,напиток,
2333,2333,,
2334,2334,пиво,
2335,2335,торт,
2336,2336,тетрадь,
2337,2337,маркер,
2338,2338,соус,
2339,2339,напиток,
2340,2340,соусперец,
2341,2341,,
2342,2342,пирожное,
2343,2343,туфли,lavanta
2344,2344,клей,момент
2345,2345,коврик,
2346,2346,,
2347,2347,футболка,
2348,2348,сырок,три
2349,2349,,
2350,2350,,
2351,2351,сорочка,
2352,2352,скраб,
2353,2353,лимонад,
2354,2354,валик,mixton
2355,2355,,
2356,2356,,
2357,2357,настойка,охота
2358,2358,,
2359,2359,клей,момент
2360,2360,,
2361,2361,напиток,любимый
2362,2362,часы,
2363,2363,пиво,
2364,2364,сок,бабушкино
2365,2365,,
2366,2366,краска,
2367,2367,,
2368,2368,блиныветчинасыр,папа
2369,2369,сумка,
2370,2370,,
2371,2371,,
2372,2372,арахис,кубань
2373,2373,раскраска,
2374,2374,соединитель,
2375,2375,лампа,ecola
2376,2376,ботинки,
2377,2377,пальто,
2378,2378,,
2379,2379,,
2380,2380,,orbit
2381,2381,,
2382,2382,конфеты,кдв
2383,2383,хлеб,
2384,2384,,
2385,2385,карандаш,
2386,2386,зажим,
2387,2387,,
2388,2388,футболка,
2389,2389,тетрадь,
2390,2390,,
2391,2391,,
2392,2392,контейнер,
2393,2393,масло,слобода
2394,2394,,
2395,2395,платьеbefree,befree
2396,2396,,elf
2397,2397,,
2398,2398,йогурт,
2399,2399,,
2400,2400,,
2401,2401,,
2402,2402,патчипатчи,
2403,2403,,
2404,2404,уксус,краснодарочка
2405,2405,,
2406,2406,,
2407,2407,,
2408,2408,,
2409,2409,плитка,
2410,2410,гренки,фишкасибирский
2411,2411,напиток,
2412,2412,,
2413,2413,батончик,
2414,2414,болт,
2415,2415,,
2416,2416,носки,
2417,2417,сливки,альпенгурт
2418,2418,,
2419,2419,рамка,
2420,2420,подводка,
2421,2421,,
2422,2422,пельмени,
2423,2423,пинцет,
2424,2424,ножницы,
2425,2425,блины,папа
2426,2426,корм,
2427,2427,,
2428,2428,трусы,
2429,2429,конфеты,акконд
2430,2430,,
2431,2431,,
2432,2432,,
2433,2433,,
2434,2434,ремень,
2435,2435,сигареты,
2436,2436,плавки,
2437,2437,саморез,
2438,2438,,
2439,2439,пленка,
2440,2440,футболкафуфайка,
2441,2441,печенье,
2442,2442,свечи,
2443,2443,,
2444,2444,кофе,
2445,2445,,
2446,2446,рюкзак,adidas
2447,2447,футболка,
2448,2448,пельмени,
2449,2449,,
2450,2450,ботинки,
2451,2451,печеньемолоко,любятово
2452,2452,купальник,
2453,2453,макароныпаста,
2454,2454,,
2455,2455,,
2456,2456,сыр,
2457,2457,болт,
2458,2458,вода,
2459,2459,,
2460,2460,,
2461,2461,рулеткамагнит,
2462,2462,сок,
2463,2463,футболка,
2464,2464,,
2465,2465,губка,
2466,2466,скотч,
2467,2467,,
2468,2468,яйцо,
2469,2469,аккумулятор,
2470,2470,,
2471,2471,масло,zic
2472,2472,носки,nike
2473,2473,пальто,
2474,2474,,
2475,2475,удлинитель,
2476,2476,батон,
2477,2477,саморез,
2478,2478,,
2479,2479,,
2480,2480,бумага,
2481,2481,футболка,
2482,2482,освежитель,
2483,2483,напиток,
2484,2484,саморез,
2485,2485,,
2486,2486,,
2487,2487,молоко,
2488,2488,кефир,
2489,2489,рис,
2490,2490,пальто,
2491,2491,футболка,
2492,2492,лист,
2493,2493,трусы,gas
2494,2494,,
2495,2495,футболка,
2496,2496,тетрадь,
2497,2497,,
2498,2498,сметана,
2499,2499,футболка,
2500,2500,напиток,
2501,2501,спрей,
2502,2502,велосипед,
2503,2503,,
2504,2504,,киндер
2505,2505,кружка,
2506,2506,шорты,
2507,2507,футболка,
2508,2508,майонез,
2509,2509,,
2510,2510,сапоги,ecco
2511,2511,,
2512,2512,,
2513,2513,,
2514,2514,печенье,
2515,2515,фильтр,
2516,2516,подушечки,
2517,2517,,
2518,2518,корм,
2519,2519,творог,село
2520,2520,лимонад,
2521,2521,футболка,
2522,2522,,
2523,2523,лампа,
2524,2524,гель,
2525,2525,гелькраска,
2526,2526,масло,слобода
2527,2527,,
2528,2528,футболка,
2529,2529,,
2530,2530,,рыжий
2531,2531,футболка,
2532,2532,шапка,
2533,2533,туфли,lavanta
2534,2534,,
2535,2535,,жигули
2536,2536,тетрадь,
2537,2537,,
2538,2538,кофе,
2539,2539,,
2540,2540,соль,русалочка
2541,2541,,
2542,2542,пряники,
2543,2543,ошейник,
2544,2544,кофе,
2545,2545,рис,
2546,2546,маска,
2547,2547,,
2548,2548,,
2549,2549,,
2550,2550,контейнер,
2551,2551,водолазка,
2552,2552,батончик,
2553,2553,попкорнкарамель,
2554,2554,,
2555,2555,,
2556,2556,муфта,
2557,2557,,
2558,2558,,
2559,2559,,
2560,2560,,
2561,2561,кеды,vagabond
2562,2562,толстовка,
2563,2563,приправа,
2564,2564,,
2565,2565,велосипед,
2566,2566,,
2567,2567,пакет,
2568,2568,,
2569,2569,клейклей,
2570,2570,майонез,
2571,2571,ботинки,
2572,2572,мороженое,
2573,2573,,
2574,2574,футболка,
2575,2575,,
2576,2576,,
2577,2577,лампа,
2578,2578,пакеты,
2579,2579,шапкаbefree,befree
2580,2580,,
2581,2581,,
2582,2582,,
2583,2583,,
2584,2584,,dewal
2585,2585,губка,
2586,2586,пиво,
2587,2587,сыворотка,
2588,2588,,
2589,2589,футболка,
2590,2590,футболка,
2591,2591,сухарики,кириешки
2592,2592,корм,
2593,2593,мыло,
2594,2594,,gliss
2595,2595,сосиски,
2596,2596,болт,
2597,2597,,
2598,2598,,
2599,2599,ковер,
2600,2600,,
2601,2601,болт,зубр
2602,2602,болт,
2603,2603,удлинитель,
2604,2604,заглушка,сфера
2605,2605,альбом,
2606,2606,,
2607,2607,напиток,
2608,2608,,
2609,2609,,
2610,2610,вода,святой
2611,2611,сайра,доброфлот
2612,2612,,жигулевское
2613,2613,футболка,
2614,2614,плитка,
2615,2615,гренки,фишка
2616,2616,,
2617,2617,босоножки,
2618,2618,фильтр,
2619,2619,футболка,
2620,2620,подводка,
2621,2621,,
2622,2622,,
2623,2623,страховка,
2624,2624,печенье,белочка
2625,2625,трусы,
2626,2626,болт,
2627,2627,,
2628,2628,,
2629,2629,,
2630,2630,футболка,
2631,2631,кукуруза,
2632,2632,жидкость,
2633,2633,,
2634,2634,,
2635,2635,футболка,
2636,2636,сок,фруто
2637,2637,,
2638,2638,рулетка,
2639,2639,,
2640,2640,,
2641,2641,молоко,
2642,2642,,
2643,2643,,
2644,2644,икра,
2645,2645,,
2646,2646,ботинки,
2647,2647,футболка,
2648,2648,,
2649,2649,костюм,
2650,2650,элемент,
2651,2651,жевательная,
2652,2652,,
2653,2653,дезодорант,дезодорант
2654,2654,выключатель,werkel
2655,2655,ошейник,
2656,2656,килька,
2657,2657,коктейль,чудо
2658,2658,свеча,ngk
2659,2659,хлебцысметана,
2660,2660,ваня,
2661,2661,ремень,
2662,2662,,
2663,2663,сахар,
2664,2664,конфетыкрем,
2665,2665,пельмени,
2666,2666,носки,теплые
2667,2667,сцепление,
2668,2668,шарфперчатки,
2669,2669,приправа,добрый
2670,2670,паштет,
2671,2671,батарейки,
2672,2672,,
2673,2673,,
2674,2674,соус,
2675,2675,ботинки,
2676,2676,мороженое,
2677,2677,майонезяйцо,
2678,2678,,русское
2679,2679,карамель,
2680,2680,кефир,веселый
2681,2681,футболка,
2682,2682,,
2683,2683,спрей,дав
2684,2684,,
2685,2685,батонхлеб,русский
2686,2686,,
2687,2687,билет,
2688,2688,,
2689,2689,перчатки,benovy
2690,2690,,
2691,2691,,
2692,2692,,
2693,2693,жакет,only
2694,2694,,
2695,2695,,
2696,2696,шампунь,
2697,2697,ручка,
2698,2698,,
2699,2699,,
2700,2700,,
2701,2701,,
2702,2702,,
2703,2703,,
2704,2704,краскааэрозоль,
2705,2705,каша,
2706,2706,,
2707,2707,батарейка,
2708,2708,ремень,
2709,2709,печень,
2710,2710,,
2711,2711,болт,
2712,2712,,
2713,2713,пельмени,
2714,2714,крекер,
2715,2715,,
2716,2716,крючок,
2717,2717,брюки,
2718,2718,,
2719,2719,,
2720,2720,батончик,
2721,2721,паста,brozex
2722,2722,,
2723,2723,обувь,tommy
2724,2724,паста,
2725,2725,,
2726,2726,,
2727,2727,футболка,
2728,2728,лапша,
2729,2729,,
2730,2730,зубнаящетка,
2731,2731,,
2732,2732,нектар,
2733,2733,линолеум,glamour
2734,2734,конфеты,кдвкрокант
2735,2735,напиток,
2736,2736,,
2737,2737,футболка,
2738,2738,сироп,
2739,2739,футболка,
2740,2740,соус,
2741,2741,мыло,
2742,2742,,
2743,2743,пельмени,
2744,2744,леска,
2745,2745,платьеплатье,
2746,2746,,
2747,2747,ботинки,
2748,2748,,
2749,2749,,
2750,2750,,
2751,2751,сыр,
2752,2752,мука,макфа
2753,2753,футболка,
2754,2754,футболказонт,
2755,2755,ведро,
2756,2756,масло,
2757,2757,комбинезон,
2758,2758,футболка,
2759,2759,,
2760,2760,альбом,
2761,2761,дезодорантролик,дезодорант
2762,2762,,
2763,2763,футболка,
2764,2764,,
2765,2765,футболка,
2766,2766,,
2767,2767,шортыhilfiger,tommy
2768,2768,,
2769,2769,,
2770,2770,,
2771,2771,патчи,
2772,2772,футболка,
2773,2773,чай,
2774,2774,,lori
2775,2775,,dewal
2776,2776,одеяло,
2777,2777,,
2778,2778,шорты,
2779,2779,масло,
2780,2780,крем,
2781,2781,свитер,sela
2782,2782,,
2783,2783,хлеб,
2784,2784,напиток,
2785,2785,,
2786,2786,шапка,
2787,2787,,
2788,2788,,
2789,2789,,
2790,2790,хлеб,
2791,2791,,
2792,2792,сыр,hochland
2793,2793,изолента,
2794,2794,труба,
2795,2795,пряники,
2796,2796,футболка,
2797,2797,,
2798,2798,маска,
2799,2799,,
2800,2800,болт,
2801,2801,морс,добрый
2802,2802,,
2803,2803,,олимп
2804,2804,свекла,
2805,2805,конфеты,
2806,2806,,
2807,2807,сельдь,
2808,2808,,
2809,2809,,
2810,2810,,
2811,2811,вино,
2812,2812,,
2813,2813,,
2814,2814,обувь,calvin
2815,2815,,
2816,2816,рубашка,
2817,2817,гель,les
2818,2818,,
2819,2819,пельмени,
2820,2820,кран,
2821,2821,мыло,
2822,2822,рис,
2823,2823,фигурка,игроленд
2824,2824,,beerkaкдв
2825,2825,,
2826,2826,,банеоцин
2827,2827,салфетки,
2828,2828,зефир,
2829,2829,,
2830,2830,,
2831,2831,сверло,зубр
2832,2832,,
2833,2833,,
2834,2834,,
2835,2835,,
2836,2836,линолеум,идеал
2837,2837,шприц,
2838,2838,контейнер,
2839,2839,куртка,tommy
2840,2840,,
2841,2841,болт,
2842,2842,фильтр,
2843,2843,диски,белла
2844,2844,сыр,
2845,2845,кофе,
2846,2846,,
2847,2847,,
2848,2848,кофепакет,
2849,2849,,
2850,2850,котлетыпюре,
2851,2851,масло,gazpromneft
2852,2852,плинтус,
2853,2853,соус,
2854,2854,фильтр,
2855,2855,,
2856,2856,,рот
2857,2857,пальто,
2858,2858,салатник,
2859,2859,шапочка,
2860,2860,,
2861,2861,поло,
2862,2862,рулет,
2863,2863,водка,
2864,2864,ремень,
2865,2865,,русский
2866,2866,,
2867,2867,,
2868,2868,,
2869,2869,,
2870,2870,выключатель,
2871,2871,вода,
2872,2872,,
2873,2873,,
2874,2874,болт,
2875,2875,,
2876,2876,пазл,
2877,2877,муфта,
2878,2878,фильтр,
2879,2879,гель,аура
2880,2880,гель,виферон
2881,2881,жидкость,
2882,2882,брюки,
2883,2883,альбом,
2884,2884,сыр,
2885,2885,,
2886,2886,паста,
2887,2887,,
2888,2888,цепь,
2889,2889,заглушка,
2890,2890,семенаукроп,
2891,2891,уголок,
2892,2892,,
2893,2893,,
2894,2894,лампа,narva
2895,2895,футболка,
2896,2896,зефир,
2897,2897,балетки,
2898,2898,,
2899,2899,футболка,
2900,2900,,
2901,2901,сахар,
2902,2902,жевательная,orbit
2903,2903,коврик,
2904,2904,,
2905,2905,футболка,
2906,2906,творожок,карат
2907,2907,пельмени,
2908,2908,сумка,
2909,2909,гель,
2910,2910,бальзам,
2911,2911,молоко,алексеевское
2912,2912,,
2913,2913,пленка,
2914,2914,,
2915,2915,,
2916,2916,батончик,
2917,2917,икра,санта
2918,2918,,
2919,2919,мороженое,
2920,2920,,
2921,2921,,
2922,2922,куртка,
2923,2923,напиток,
2924,2924,ведро,
2925,2925,водка,
2926,2926,лампа,philips
2927,2927,удобрениемука,
2928,2928,кружка,
2929,2929,,
2930,2930,лимонад,
2931,2931,befree,befree
2932,2932,,
2933,2933,,
2934,2934,прокладки,
2935,2935,соус,
2936,2936,лампа,philips
2937,2937,,
2938,2938,,кубань
2939,2939,,camelion
2940,2940,жакет,
2941,2941,,
2942,2942,,
2943,2943,,
2944,2944,перец,
2945,2945,,
2946,2946,саморез,
2947,2947,,
2948,2948,шампунь,чистая
2949,2949,биойогурт,
2950,2950,саморез,
2951,2951,,
2952,2952,сметана,
2953,2953,футболка,
2954,2954,,
2955,2955,кофе,
2956,2956,датчик,
2957,2957,стельки,
2958,2958,футболка,
2959,2959,,очаковский
2960,2960,эмаль,
2961,2961,носки,гамма
2962,2962,саморез,
2963,2963,лимонад,
2964,2964,,
2965,2965,щетка,
2966,2966,,
2967,2967,,
2968,2968,коньяк,
2969,2969,,
2970,2970,футболка,
2971,2971,вода,святойспортик
2972,2972,,
2973,2973,,
2974,2974,,
2975,2975,,практика
2976,2976,,
2977,2977,майонез,
2978,2978,мелки,гамма
2979,2979,,
2980,2980,эскимо,
2981,2981,,
2982,2982,,
2983,2983,футболка,
2984,2984,соус,стебель
2985,2985,,
2986,2986,сыр,село
2987,2987,,
2988,2988,ременькондиционер,
2989,2989,,
2990,2990,фиксатор,
2991,2991,,
2992,2992,конфеты,
2993,2993,,
2994,2994,,
2995,2995,соусаджика,
2996,2996,,
2997,2997,раскраска,умка
2998,2998,фильтр,
2999,2999,светильник,
3000,3000,,
3001,3001,вода,
3002,3002,напиток,любимый
3003,3003,футболка,
3004,3004,контейнер,
3005,3005,,
3006,3006,,
3007,3007,,немулекс
3008,3008,,чудо
3009,3009,,
3010,3010,помада,
3011,3011,альбом,
3012,3012,футболка,
3013,3013,гель,концентр
3014,3014,печенье,
3015,3015,,orbit
3016,3016,,
3017,3017,,
3018,3018,зевасалфетки,зева
3019,3019,,
3020,3020,,
3021,3021,виски,
3022,3022,паста,
3023,3023,круассаны,
3024,3024,,
3025,3025,гель,
3026,3026,ошейник,
3027,3027,яйцо,
3028,3028,замок,
3029,3029,болт,
3030,3030,сухарикигренки,
3031,3031,,
3032,3032,сумка,
3033,3033,мороженое,
3034,3034,,
3035,3035,лист,
3036,3036,карандаш,berlingo
3037,3037,,
3038,3038,сыр,
3039,3039,,
3040,3040,карамель,halls
3041,3041,леска,
3042,3042,,
3043,3043,цепь,
3044,3044,йогурт,
3045,3045,,
3046,3046,,
3047,3047,футболка,
3048,3048,,растишка
3049,3049,трусы,armani
3050,3050,пиво,
3051,3051,раскрасканаклейки,
3052,3052,,
3053,3053,,
3054,3054,палочки,
3055,3055,плавки,
3056,3056,творог,
3057,3057,сыр,
3058,3058,,lori
3059,3059,саморез,
3060,3060,эскимо,золотой
3061,3061,ремень,
3062,3062,фильтрэлемент,
3063,3063,футболка,
3064,3064,,
3065,3065,мыло,
3066,3066,,
3067,3067,футболка,elaria
3068,3068,перчатки,
3069,3069,,вдохновение
3070,3070,,
3071,3071,,
3072,3072,брюки,
3073,3073,карандаш,berlingo
3074,3074,,
3075,3075,сухарикисемга,кириешки
3076,3076,виски,
3077,3077,,
3078,3078,,
3079,3079,,
3080,3080,,
3081,3081,альбом,
3082,3082,,
3083,3083,,
3084,3084,,
3085,3085,,
3086,3086,кекс,
3087,3087,мыло,
3088,3088,шоколад,
3089,3089,коронка,зубр
3090,3090,,
3091,3091,фильтр,
3092,3092,томат,
3093,3093,,
3094,3094,,
3095,3095,шоколад,
3096,3096,,
3097,3097,футболка,
3098,3098,,
3099,3099,подшипник,
3100,3100,пазлы,
3101,3101,иглы,sfm
3102,3102,,
3103,3103,бейсболка,
3104,3104,майонез,
3105,3105,футболка,
3106,3106,зубнаяпаста,
3107,3107,икра,
3108,3108,пальто,
3109,3109,пластырь,sfm
3110,3110,,caprice
3111,3111,бальзам,успокаивающий
3112,3112,,
3113,3113,,buono
3114,3114,контейнер,
3115,3115,маска,
3116,3116,маска,
3117,3117,светильникпровод,
3118,3118,,
3119,3119,,
3120,3120,,apple
3121,3121,скумбрия,
3122,3122,салфетки,
3123,3123,антисептикспрей,
3124,3124,болт,
3125,3125,,hegel
3126,3126,,
3127,3127,футболка,
3128,3128,коврик,
3129,3129,саморез,
3130,3130,выключатель,
3131,3131,шоколад,
3132,3132,футболкафуфайка,
3133,3133,,
3134,3134,,
3135,3135,футболка,
3136,3136,ботинки,
3137,3137,,
3138,3138,,
3139,3139,,
3140,3140,,
3141,3141,эскимо,
3142,3142,болтпакет,
3143,3143,футболка,
3144,3144,цепь,
3145,3145,пиво,
3146,3146,биойогурт,
3147,3147,сыр,
3148,3148,ремень,
3149,3149,,nordman
3150,3150,напиток,
3151,3151,шоколад,
3152,3152,,боржоми
3153,3153,футболка,
3154,3154,фильтр,
3155,3155,сырок,свитлогорье
3156,3156,,
3157,3157,,
3158,3158,пиво,
3159,3159,саморез,
3160,3160,,
3161,3161,,
3162,3162,,
3163,3163,шампуньгель,nivea
3164,3164,,
3165,3165,джинсы,
3166,3166,грунтовка,
3167,3167,лонгслив,
3168,3168,икра,spar
3169,3169,,
3170,3170,шоколад,
3171,3171,носки,
3172,3172,футболкафуфайка,
3173,3173,,
3174,3174,,
3175,3175,фисташки,
3176,3176,,
3177,3177,сыворотка,
3178,3178,контейнер,
3179,3179,,
3180,3180,,
3181,3181,икра,
3182,3182,дрожжи,
3183,3183,,
3184,3184,дезодорант,дезодорант
3185,3185,,
3186,3186,прописи,
3187,3187,чай,
3188,3188,футболка,
3189,3189,,
3190,3190,,чистая
3191,3191,свитер,
3192,3192,коврик,
3193,3193,яйцо,
3194,3194,гематоген,русский
3195,3195,кукла,игроленд
3196,3196,болт,
3197,3197,грунт,
3198,3198,,
3199,3199,сливки,
3200,3200,,
3201,3201,,
3202,3202,кофе,
3203,3203,сок,
3204,3204,,
3205,3205,майка,
3206,3206,одеяло,
3207,3207,,
3208,3208,,эра
3209,3209,саморез,
3210,3210,держатель,
3211,3211,рюкзак,
3212,3212,,гитара
3213,3213,,
3214,3214,крышка,
3215,3215,переходник,
3216,3216,,
3217,3217,молоко,rioba
3218,3218,дырокол,
3219,3219,,
3220,3220,,
3221,3221,оливки,
3222,3222,опрыскиватель,
3223,3223,,
3224,3224,изолента,
3225,3225,сок,фруто
3226,3226,,
3227,3227,футболка,
3228,3228,брюки,demix
3229,3229,,
3230,3230,ботинки,
3231,3231,удлинитель,
3232,3232,ветровка,
3233,3233,обувь,
3234,3234,,
3235,3235,плитка,
3236,3236,мелки,гамма
3237,3237,футболкафуфайка,
3238,3238,,
3239,3239,шнур,
3240,3240,,
3241,3241,мыло,
3242,3242,пирожное,аленка
3243,3243,паста,
3244,3244,сланцы,
3245,3245,пиво,
3246,3246,снеки,
3247,3247,,
3248,3248,цепь,
3249,3249,пюре,
3250,3250,футболка,
3251,3251,футболка,
3252,3252,,
3253,3253,футболка,
3254,3254,,
3255,3255,цепь,
3256,3256,кукуруза,
3257,3257,каша,
3258,3258,грунт,
3259,3259,плед,
3260,3260,,
3261,3261,,
3262,3262,ошейник,
3263,3263,сыр,
3264,3264,контейнер,
3265,3265,,
3266,3266,крючок,
3267,3267,сыр,
3268,3268,носки,
3269,3269,щетка,
3270,3270,шапка,
3271,3271,болт,
3272,3272,шоколад,ritter
3273,3273,напиток,
3274,3274,футболка,okla
3275,3275,,
3276,3276,сок,сады
3277,3277,испаритель,
3278,3278,бюстгальтер,armani
3279,3279,раскраска,
3280,3280,яйцо,
3281,3281,,
3282,3282,зефир,
3283,3283,жидкостьморс,
3284,3284,молоко,
3285,3285,,
3286,3286,футболкафуфайка,
3287,3287,гренки,
3288,3288,,
3289,3289,перчатки,
3290,3290,ручка,
3291,3291,,
3292,3292,топ,
3293,3293,,
3294,3294,,
3295,3295,,
3296,3296,,
3297,3297,ботинки,
3298,3298,билет,
3299,3299,ботинки,
3300,3300,пюре,
3301,3301,футболка,
3302,3302,мороженое,
3303,3303,конфеты,
3304,3304,,
3305,3305,батончик,
3306,3306,ремень,
3307,3307,хомут,fit
3308,3308,,банеоцин
3309,3309,салфетка,avs
3310,3310,коврик,
3311,3311,заглушка,зубр
3312,3312,,
3313,3313,колготки,
3314,3314,ремень,
3315,3315,ботинки,
3316,3316,коктейльшоколад,чудо
3317,3317,соус,
3318,3318,,omsa
3319,3319,,
3320,3320,,
3321,3321,шампунь,
3322,3322,мармелад,бон
3323,3323,костюм,adidas
3324,3324,,
3325,3325,водолазка,
3326,3326,эмальаэрозоль,
3327,3327,стейксухарики,кириешкиheinz
3328,3328,смеситель,
3329,3329,молоко,пестравка
3330,3330,,
3331,3331,водолазка,
3332,3332,,
3333,3333,,
3334,3334,часы,
3335,3335,батончик,фруто
3336,3336,,dewal
3337,3337,пальто,
3338,3338,кофе,
3339,3339,джемпер,
3340,3340,футболка,
3341,3341,футболка,
3342,3342,,
3343,3343,,
3344,3344,ботинки,
3345,3345,пирожное,royal
3346,3346,,
3347,3347,напиток,
3348,3348,сверло,
3349,3349,пакеты,
3350,3350,палочки,aura
3351,3351,,
3352,3352,замок,
3353,3353,тампоны,
3354,3354,грунтовка,
3355,3355,джемпер,mango
3356,3356,мазь,
3357,3357,,
3358,3358,коврик,
3359,3359,кофе,paulig
3360,3360,,
3361,3361,,
3362,3362,торт,
3363,3363,скотч,
3364,3364,угол,
3365,3365,,
3366,3366,молоко,
3367,3367,мармелад,бон
3368,3368,мыло,
3369,3369,,
3370,3370,рамка,
3371,3371,,
3372,3372,,
3373,3373,,
3374,3374,,
3375,3375,,карат
3376,3376,линолеум,
3377,3377,,
3378,3378,,
3379,3379,,
3380,3380,миксер,
3381,3381,,
3382,3382,,
3383,3383,цепь,
3384,3384,,
3385,3385,пряники,
3386,3386,,
3387,3387,сырсливки,
3388,3388,,grand
3389,3389,напиток,
3390,3390,йогурт,
3391,3391,,
3392,3392,,
3393,3393,мазь,
3394,3394,бальзам,
3395,3395,эмаль,
3396,3396,пельмени,морозко
3397,3397,болт,
3398,3398,ремень,
3399,3399,коврик,
3400,3400,карандаш,berlingo
3401,3401,,аквалор
3402,3402,,
3403,3403,ботинки,
3404,3404,ручка,
3405,3405,ботинки,
3406,3406,,
3407,3407,клей,момент
3408,3408,брюки,zara
3409,3409,колбаса,
3410,3410,,
3411,3411,,
3412,3412,пряники,
3413,3413,чистящее,
3414,3414,футболка,
3415,3415,толстовка,
3416,3416,каша,
3417,3417,ручка,attache
3418,3418,лимонад,
3419,3419,,
3420,3420,футболка,
3421,3421,футболка,
3422,3422,саморез,
3423,3423,ботинки,
3424,3424,вода,
3425,3425,,
3426,3426,кружкапиво,
3427,3427,скотч,
3428,3428,,
3429,3429,салфетки,
3430,3430,джинсы,
3431,3431,,
3432,3432,молоко,
3433,3433,футболка,
3434,3434,саморез,
3435,3435,,
3436,3436,,
3437,3437,,
3438,3438,скотч,abro
3439,3439,,
3440,3440,футболка,
3441,3441,держательполотенца,
3442,3442,сыр,
3443,3443,,
3444,3444,футболка,
3445,3445,болт,
3446,3446,шампунь,
3447,3447,футболка,
3448,3448,масло,
3449,3449,мармелад,бон
3450,3450,кроссовки,
3451,3451,,
3452,3452,футболка,
3453,3453,,
3454,3454,,
3455,3455,сверло,зубр
3456,3456,,
3457,3457,,
3458,3458,,
3459,3459,,
3460,3460,батончик,
3461,3461,,
3462,3462,брюки,
3463,3463,напиток,
3464,3464,,
3465,3465,толстовка,
3466,3466,футболка,
3467,3467,,
3468,3468,,
3469,3469,ремень,gates
3470,3470,масло,
3471,3471,зажимпакет,
3472,3472,,
3473,3473,трусы,
3474,3474,,
3475,3475,,
3476,3476,платье,mango
3477,3477,вино,
3478,3478,кассеты,
3479,3479,каша,быстров
3480,3480,,
3481,3481,,
3482,3482,,
3483,3483,муфта,
3484,3484,контейнер,
3485,3485,,
3486,3486,,
3487,3487,сыр,
3488,3488,кукуруза,
3489,3489,удлинитель,
3490,3490,лакомство,
3491,3491,ручка,
3492,3492,водка,
3493,3493,порошок,
3494,3494,,горячая
3495,3495,,
3496,3496,,
3497,3497,печенье,любятово
3498,3498,,
3499,3499,мороженое,
3500,3500,клей,
3501,3501,,
3502,3502,,
3503,3503,чай,ассам
3504,3504,,
3505,3505,футболка,твое
3506,3506,краска,
3507,3507,,
3508,3508,,
3509,3509,пальто,
3510,3510,,чистая
3511,3511,,
3512,3512,сыр,
3513,3513,,
3514,3514,фильтр,
3515,3515,петля,neo
3516,3516,,
3517,3517,,
3518,3518,,
3519,3519,ошейник,
3520,3520,рубашка,mango
3521,3521,напиток,любимый
3522,3522,леденцы,
3523,3523,,
3524,3524,ботинки,
3525,3525,сосиски,
3526,3526,раскраска,
3527,3527,перчатки,benovy
3528,3528,конфеты,
3529,3529,,
3530,3530,саморез,
3531,3531,болт,
3532,3532,футболка,
3533,3533,,
3534,3534,,
3535,3535,ботинки,
3536,3536,,жигулевское
3537,3537,,
3538,3538,ручка,
3539,3539,батарейки,
3540,3540,юбка,sinar
3541,3541,пряники,
3542,3542,биойогурт,эконива
3543,3543,колодка,
3544,3544,эскимо,жемчужина
3545,3545,ветчина,вязанка
3546,3546,пуловер,
3547,3547,шнур,
3548,3548,,donella
3549,3549,ботинки,
3550,3550,,
3551,3551,,
3552,3552,,
3553,3553,футболка,
3554,3554,грунт,
3555,3555,,
3556,3556,контейнер,
3557,3557,торт,
3558,3558,рюкзак,
3559,3559,футболка,
3560,3560,,orbit
3561,3561,,
3562,3562,футболка,
3563,3563,сухарикисырсемгасоус,кириешки
3564,3564,мыло,
3565,3565,масло,
3566,3566,сыр,
3567,3567,,
3568,3568,шампуньгель,
3569,3569,торт,baker
3570,3570,краситель,
3571,3571,щетка,
3572,3572,гематоген,
3573,3573,шампунь,
3574,3574,зефир,
3575,3575,сок,фруто
3576,3576,сельдь,
3577,3577,монитор,
3578,3578,болт,
3579,3579,пена,
3580,3580,,nestle
3581,3581,ошейник,
3582,3582,грунт,
3583,3583,,iek
3584,3584,,uniel
3585,3585,коврик,
3586,3586,куртка,
3587,3587,водолазка,твое
3588,3588,кофе,
3589,3589,,
3590,3590,,
3591,3591,скетчбук,
3592,3592,,
3593,3593,,
3594,3594,мороженое,
3595,3595,икрагорбуша,смак
3596,3596,платьеvulpes,vulpes
3597,3597,,гудвилл
3598,3598,краска,
3599,3599,закускаваня,дядя
3600,3600,,
3601,3601,,
3602,3602,,
3603,3603,,
3604,3604,,
3605,3605,,berlingo
3606,3606,пиво,
3607,3607,,
3608,3608,доска,
3609,3609,футболка,
3610,3610,фильтр,
3611,3611,,
3612,3612,футболка,
3613,3613,,
3614,3614,сухари,
3615,3615,футболка,
3616,3616,краска,
3617,3617,,ecola
3618,3618,печень,
3619,3619,стейк,
3620,3620,,
3621,3621,,
3622,3622,,ессентуки
3623,3623,напиток,
3624,3624,рулеткалента,
3625,3625,футболка,
3626,3626,вино,
3627,3627,,
3628,3628,,
3629,3629,топ,твое
3630,3630,футболка,
3631,3631,печенье,
3632,3632,контейнер,
3633,3633,платье,
3634,3634,мыло,
3635,3635,,
3636,3636,фломастеры,
3637,3637,,
3638,3638,,
3639,3639,,
3640,3640,поло,boss
3641,3641,,
3642,3642,,
3643,3643,краскаспрей,
3644,3644,футболка,
3645,3645,соус,
3646,3646,фуфайкафутболка,
3647,3647,контейнер,
3648,3648,кроссовки,
3649,3649,футболка,
3650,3650,кофе,
3651,3651,футболка,nike
3652,3652,,
3653,3653,тапочки,
3654,3654,,
3655,3655,ботинки,
3656,3656,конфеты,
3657,3657,яйцо,
3658,3658,,beerka
3659,3659,гель,
3660,3660,вода,
3661,3661,,
3662,3662,зефир,
3663,3663,чай,ассам
3664,3664,,
3665,3665,,
3666,3666,футболка,
3667,3667,футболка,
3668,3668,футболка,
3669,3669,,
3670,3670,,
3671,3671,камера,
3672,3672,,
3673,3673,драже,
3674,3674,сметана,
3675,3675,шоколад,дав
3676,3676,,
3677,3677,,
3678,3678,,
3679,3679,водка,
3680,3680,,
3681,3681,,
3682,3682,печенье,
3683,3683,шоколад,
3684,3684,,
3685,3685,салфетки,
3686,3686,футболка,
3687,3687,,
3688,3688,платье,gap
3689,3689,драже,
3690,3690,сыр,
3691,3691,шприц,
3692,3692,,
3693,3693,губка,
3694,3694,,nike
3695,3695,саморез,
3696,3696,жилет,
3697,3697,,
3698,3698,,
3699,3699,кардиган,camel
3700,3700,сырок,
3701,3701,пальто,
3702,3702,пюре,бабушкино
3703,3703,туфли,
3704,3704,,
3705,3705,,
3706,3706,,
3707,3707,,
3708,3708,ботинки,
3709,3709,водолазка,
3710,3710,саморез,
3711,3711,носки,
3712,3712,,
3713,3713,пюре,биг
3714,3714,,
3715,3715,крышка,
3716,3716,футболка,
3717,3717,куртка,
3718,3718,футболка,
3719,3719,драже,
3720,3720,футболка,
3721,3721,,ессентуки
3722,3722,обложка,
3723,3723,драже,
3724,3724,футболка,
3725,3725,,гамма
3726,3726,,
3727,3727,,
3728,3728,футболка,
3729,3729,,
3730,3730,,
3731,3731,прокладки,
3732,3732,,
3733,3733,шланг,
3734,3734,крючки,
3735,3735,,
3736,3736,,
3737,3737,футболка,
3738,3738,кроссовки,
3739,3739,платье,
3740,3740,,кириешкиheinz
3741,3741,,
3742,3742,футболка,
3743,3743,,
3744,3744,напиток,
3745,3745,трусикиподгузники,
3746,3746,ручка,
3747,3747,сумка,
3748,3748,футболка,
3749,3749,книгадневник,эксмо
3750,3750,,valtec
3751,3751,масло,олеос
3752,3752,икра,санта
3753,3753,элемент,energizer
3754,3754,заглушка,sinikon
3755,3755,,золотой
3756,3756,,
3757,3757,бумага,
3758,3758,,
3759,3759,,
3760,3760,замокмодельцепь,
3761,3761,сыр,
3762,3762,пирог,
3763,3763,нектар,
3764,3764,,
3765,3765,напиток,
3766,3766,батон,
3767,3767,,цетрин
3768,3768,краска,
3769,3769,леденцы,
3770,3770,джемпер,
3771,3771,,пять
3772,3772,,азбука
3773,3773,футболка,
3774,3774,кофе,
3775,3775,,
3776,3776,вино,
3777,3777,,
3778,3778,,
3779,3779,конфеты,
3780,3780,ананасы,
3781,3781,шоколад,
3782,3782,мешок,
3783,3783,платье,
3784,3784,пальто,
3785,3785,болт,
3786,3786,болт,
3787,3787,,
3788,3788,сосиски,
3789,3789,платье,
3790,3790,,
3791,3791,,
3792,3792,носки,
3793,3793,футболка,
3794,3794,насадка,
3795,3795,сорочка,
3796,3796,батон,
3797,3797,,
3798,3798,футболка,
3799,3799,,
3800,3800,соус,
3801,3801,,
3802,3802,яйцо,
3803,3803,мешки,
3804,3804,саморез,
3805,3805,футболка,
3806,3806,,little
3807,3807,вода,
3808,3808,,
3809,3809,,shell
3810,3810,футболка,
3811,3811,соус,
3812,3812,антиперспирант,rexona
3813,3813,альбом,
3814,3814,,
3815,3815,,
3816,3816,ножницы,
3817,3817,,
3818,3818,йогурт,
3819,3819,футболка,
3820,3820,контейнер,
3821,3821,футболка,
3822,3822,,
3823,3823,футболка,
3824,3824,муфта,
3825,3825,,
3826,3826,игрушкакостюм,
3827,3827,гельлак,vogue
3828,3828,,
3829,3829,,energizer
3830,3830,икра,
3831,3831,колготки,
3832,3832,болт,
3833,3833,футболка,
3834,3834,пиво,
3835,3835,ботинки,
3836,3836,,
3837,3837,,посиделкинолюбимый
3838,3838,шампанское,
3839,3839,,
3840,3840,,
3841,3841,маркер,centropen
3842,3842,корм,dreamies
3843,3843,,
3844,3844,вино,кубань
3845,3845,совок,
3846,3846,,
3847,3847,,
3848,3848,,
3849,3849,масло,мотор
3850,3850,куртка,outventure
3851,3851,пюре,
3852,3852,,
3853,3853,,
3854,3854,,
3855,3855,сушки,
3856,3856,,
3857,3857,кефир,золотыелуга
3858,3858,футболка,
3859,3859,,
3860,3860,,
3861,3861,,halls
3862,3862,,
3863,3863,обувь,tommy
3864,3864,попкорн,
3865,3865,коньяк,
3866,3866,футболка,
3867,3867,,цетрин
3868,3868,фильтр,
3869,3869,чай,эвалар
3870,3870,зефир,
3871,3871,,
3872,3872,краска,
3873,3873,саморез,
3874,3874,сигареты,chapman
3875,3875,хлебцы,
3876,3876,коврик,
3877,3877,подушечки,dreamies
3878,3878,маркеркраска,
3879,3879,коврик,
3880,3880,слипоны,ralf
3881,3881,чипсы,доширак
3882,3882,,
3883,3883,сыр,
3884,3884,конфеты,
3885,3885,молоко,
3886,3886,рубашка,
3887,3887,водолазка,
3888,3888,конфеты,
3889,3889,огурцы,
3890,3890,,
3891,3891,,parliament
3892,3892,мармелад,
3893,3893,,
3894,3894,килька,
3895,3895,колбаса,
3896,3896,фильтр,
3897,3897,ремень,
3898,3898,молоко,
3899,3899,напиток,моя
3900,3900,,
3901,3901,футболка,
3902,3902,полотенце,
3903,3903,футболка,
3904,3904,кофе,
3905,3905,,
3906,3906,гренкисметана,фишка
3907,3907,папка,
3908,3908,футболка,
3909,3909,,
3910,3910,,
3911,3911,толстовка,
3912,3912,леденцы,бобс
3913,3913,герметик,
3914,3914,,
3915,3915,яйцо,
3916,3916,коврик,
3917,3917,,
3918,3918,изолента,
3919,3919,леска,
3920,3920,,
3921,3921,,
3922,3922,водка,очаково
3923,3923,коктейль,
3924,3924,ароматизатор,
3925,3925,пельмени,
3926,3926,вода,
3927,3927,зонт,
3928,3928,,
3929,3929,мармелад,
3930,3930,крем,
3931,3931,,
3932,3932,носки,гамма
3933,3933,перчатки,
3934,3934,,
3935,3935,конфеты,
3936,3936,сайра,доброфлот
3937,3937,жевательная,
3938,3938,попкорн,
3939,3939,,фаско
3940,3940,коньяк,
3941,3941,тушь,
3942,3942,,
3943,3943,футболка,
3944,3944,кофе,
3945,3945,герметик,
3946,3946,совок,гамма
3947,3947,,
3948,3948,хомуты,navigator
3949,3949,,
3950,3950,масло,
3951,3951,фонарь,
3952,3952,замок,
3953,3953,шоколад,
3954,3954,яйцо,
3955,3955,мармелад,крутой
3956,3956,,
3957,3957,батончик,
3958,3958,футболка,
3959,3959,,
3960,3960,бедро,
3961,3961,футболка,
3962,3962,,
3963,3963,соус,
3964,3964,,
3965,3965,,
3966,3966,бюстгальтер,
3967,3967,тетрадьлак,navigatorbrauberg
3968,3968,,
3969,3969,ремень,
3970,3970,растворитель,
3971,3971,,
3972,3972,муфта,
3973,3973,,
3974,3974,,
3975,3975,шоколад,
3976,3976,каша,nestle
3977,3977,ремень,
3978,3978,футболка,
3979,3979,,
3980,3980,,tdm
3981,3981,клей,
3982,3982,саморез,
3983,3983,болт,
3984,3984,вода,
3985,3985,коньяк,
3986,3986,болт,
3987,3987,,
3988,3988,датчикпровода,
3989,3989,спрей,
3990,3990,,
3991,3991,,
3992,3992,,
3993,3993,футболка,
3994,3994,,
3995,3995,,
3996,3996,,
3997,3997,спрей,
3998,3998,футболка,
3999,3999,футболка,
4000,4000,томат,
4001,4001,сковорода,
4002,4002,толстовка,oodji
4003,4003,вода,святой
4004,4004,,
4005,4005,водка,
4006,4006,,
4007,4007,,
4008,4008,,
4009,4009,,fit
4010,4010,,
4011,4011,,
4012,4012,,
4013,4013,трусы,ovs
4014,4014,,
4015,4015,рис,
4016,4016,саморез,
4017,4017,мыло,
4018,4018,чай,etre
4019,4019,переходник,
4020,4020,,
4021,4021,сайра,доброфлот
4022,4022,,
4023,4023,футболка,
4024,4024,брюки,armani
4025,4025,пиво,
4026,4026,гель,
4027,4027,пиво,
4028,4028,рубашка,
4029,4029,,
4030,4030,,cle
4031,4031,,батист
4032,4032,жевательная,
4033,4033,трусы,
4034,4034,куртка,outventure
4035,4035,фильтр,
4036,4036,пакет,
4037,4037,футболка,
4038,4038,линза,
4039,4039,,
4040,4040,футболка,
4041,4041,бумага,
4042,4042,болт,
4043,4043,зажигалка,
4044,4044,коктейль,
4045,4045,бальзам,
4046,4046,вода,
4047,4047,батон,
4048,4048,кистьручка,
4049,4049,салфетки,
4050,4050,ботинки,
4051,4051,,
4052,4052,,
4053,4053,футболка,
4054,4054,,
4055,4055,,
4056,4056,,
4057,4057,замок,stayer
4058,4058,футболка,
4059,4059,шорты,
4060,4060,аэрозоль,
4061,4061,футболка,
4062,4062,йогурт,
4063,4063,пиво,
4064,4064,лимонад,
4065,4065,соус,
4066,4066,,бон
4067,4067,аккумулятор,
4068,4068,саморез,
4069,4069,клеенка,
4070,4070,альбом,
4071,4071,колготки,
4072,4072,шпатлевка,
4073,4073,,
4074,4074,краска,
4075,4075,нектар,
4076,4076,,
4077,4077,,
4078,4078,футболкаполо,
4079,4079,фоторамка,
4080,4080,футболка,
4081,4081,,
4082,4082,заглушка,
4083,4083,водка,
4084,4084,,
4085,4085,рубашка,
4086,4086,,grandorf
4087,4087,сок,фруто
4088,4088,,
4089,4089,шоколад,
4090,4090,зефир,
4091,4091,болт,
4092,4092,,
4093,4093,бальзам,
4094,4094,кофтафутболка,
4095,4095,масло,
4096,4096,сок,
4097,4097,пиво,
4098,4098,опрыскиватель,
4099,4099,рюкзак,
4100,4100,кукуруза,золотая
4101,4101,попкорн,
4102,4102,майонез,
4103,4103,удлинитель,
4104,4104,сыр,
4105,4105,пакет,iek
4106,4106,футболка,
4107,4107,тест,
4108,4108,,
4109,4109,фуфайкафутболка,
4110,4110,,
4111,4111,краска,
4112,4112,фильтр,bmw
4113,4113,коврик,
4114,4114,батончик,лакомка
4115,4115,носки,
4116,4116,лапша,
4117,4117,,
4118,4118,икра,
4119,4119,кисть,brauberg
4120,4120,серьгисерьги,
4121,4121,кофе,
4122,4122,выключатель,
4123,4123,,
4124,4124,батон,
4125,4125,заглушка,
4126,4126,сок,
4127,4127,прокладки,
4128,4128,ботинки,
4129,4129,,
4130,4130,мыло,
4131,4131,светильник,
4132,4132,конфеты,
4133,4133,пальто,
4134,4134,,
4135,4135,нектар,
4136,4136,,
4137,4137,,
4138,4138,,
4139,4139,сыр,
4140,4140,,
4141,4141,болт,
4142,4142,,
4143,4143,вода,пилигрим
4144,4144,,
4145,4145,гренки,фишка
4146,4146,зубнаяпаста,
4147,4147,табак,
4148,4148,футболка,
4149,4149,,
4150,4150,,
4151,4151,квас,кубанский
4152,4152,,
4153,4153,,
4154,4154,перчатки,benovy
4155,4155,брюки,
4156,4156,лимонад,
4157,4157,соус,
4158,4158,кофе,
4159,4159,краска,tikkurila
4160,4160,дневник,
4161,4161,паста,мираторг
4162,4162,раскраска,
4163,4163,брюки,
4164,4164,,
4165,4165,хачапури,
4166,4166,толстовка,only
4167,4167,,
4168,4168,болт,
4169,4169,эмалькисть,
4170,4170,лимонад,
4171,4171,,
4172,4172,,
4173,4173,перчатки,
4174,4174,выключатель,
4175,4175,,
4176,4176,футболка,psilustr
4177,4177,конфета,
4178,4178,арахис,
4179,4179,,
4180,4180,,
4181,4181,,
4182,4182,печенье,
4183,4183,кружка,рыжий
4184,4184,крупа,
4185,4185,пена,
4186,4186,паста,
4187,4187,ботинки,
4188,4188,гель,
4189,4189,,
4190,4190,фильтр,
4191,4191,,
4192,4192,,
4193,4193,,
4194,4194,саморез,
4195,4195,,
4196,4196,сыр,золотой
4197,4197,,
4198,4198,лист,
4199,4199,,
4200,4200,,престиж
4201,4201,лимонад,
4202,4202,,сфера
4203,4203,отвертка,вихрь
4204,4204,,
4205,4205,,
4206,4206,сыр,
4207,4207,ботинки,
4208,4208,ремень,
4209,4209,часы,
4210,4210,,
4211,4211,розетка,
4212,4212,,
4213,4213,бальзам,
4214,4214,сыр,
4215,4215,футболка,
4216,4216,палочки,фруто
4217,4217,бифштекспюре,
4218,4218,гренки,фишка
4219,4219,,
4220,4220,футболка,
4221,4221,соус,стебель
4222,4222,,lucky
4223,4223,пряники,
4224,4224,,
4225,4225,,
4226,4226,ботинки,
4227,4227,,
4228,4228,,sony
4229,4229,мыло,
4230,4230,рюкзак,
4231,4231,,
4232,4232,сверло,
4233,4233,крем,
4234,4234,футболка,
4235,4235,рис,
4236,4236,десертарахис,рулада
4237,4237,,
4238,4238,пицца,лакомка
4239,4239,,
4240,4240,,
4241,4241,хлебхлеб,
4242,4242,датчик,
4243,4243,свитшот,
4244,4244,,
4245,4245,каша,
4246,4246,,
4247,4247,биойогурт,
4248,4248,джемпер,koto
4249,4249,футболка,
4250,4250,элемент,
4251,4251,краска,
4252,4252,футболка,
4253,4253,,
4254,4254,свекла,
4255,4255,,
4256,4256,спрей,
4257,4257,бумага,
4258,4258,футболка,
4259,4259,,
4260,4260,корм,
4261,4261,,
4262,4262,мороженое,
4263,4263,,дракоша
4264,4264,футболка,armani
4265,4265,,
4266,4266,футболка,
4267,4267,,
4268,4268,пюрепечень,
4269,4269,бумага,
4270,4270,,фосфалюгель
4271,4271,фильтр,
4272,4272,,
4273,4273,контейнер,benovy
4274,4274,щипцы,
4275,4275,леденцы,бобс
4276,4276,,
4277,4277,батон,
4278,4278,мазь,
4279,4279,тренажер,
4280,4280,заглушка,
4281,4281,,
4282,4282,,азбука
4283,4283,,
4284,4284,,
4285,4285,ремень,
4286,4286,,
4287,4287,,
4288,4288,контейнер,
4289,4289,,
4290,4290,пиво,
4291,4291,одеяло,
4292,4292,хомут,
4293,4293,,
4294,4294,,
4295,4295,,
4296,4296,,
4297,4297,,рубашки
4298,4298,болт,
4299,4299,пузыри,
4300,4300,пряжа,
4301,4301,мыло,
4302,4302,шлангшланг,
4303,4303,соус,
4304,4304,адаптер,
4305,4305,,
4306,4306,пена,tytan
4307,4307,пиво,золотая
4308,4308,болт,
4309,4309,футболка,
4310,4310,удлинитель,
4311,4311,перец,
4312,4312,,
4313,4313,рюкзак,
4314,4314,лейкопластырь,
4315,4315,болт,
4316,4316,болт,
4317,4317,брюки,
4318,4318,,
4319,4319,мукасемена,
4320,4320,рыбасоускорм,
4321,4321,клей,
4322,4322,,
4323,4323,,
4324,4324,конфеты,
4325,4325,пельмени,
4326,4326,игра,
4327,4327,,
4328,4328,салфетки,
4329,4329,болт,
4330,4330,болт,
4331,4331,,
4332,4332,,
4333,4333,ряженка,
4334,4334,бумага,
4335,4335,кукуруза,золотая
4336,4336,,
4337,4337,розетка,
4338,4338,,
4339,4339,,
4340,4340,шампунь,чистая
4341,4341,пальто,
4342,4342,кисель,
4343,4343,,
4344,4344,хлебцылепешкасемена,
4345,4345,колготки,omsa
4346,4346,творог,село
4347,4347,морс,добрый
4348,4348,,
4349,4349,,
4350,4350,икра,санта
4351,4351,,
4352,4352,корм,fit
4353,4353,,
4354,4354,,
4355,4355,сок,
4356,4356,,
4357,4357,,
4358,4358,картофель,мираторг
4359,4359,,
4360,4360,лак,
4361,4361,удлинитель,
4362,4362,,krass
4363,4363,,
4364,4364,ботинки,
4365,4365,сахар,карат
4366,4366,,
4367,4367,,
4368,4368,сандалии,geox
4369,4369,,
4370,4370,,
4371,4371,,унипласт
4372,4372,,
4373,4373,,
4374,4374,,
4375,4375,,
4376,4376,футболка,
4377,4377,,
4378,4378,,
4379,4379,сметана,lays
4380,4380,саморез,
4381,4381,лампа,feron
4382,4382,трусы,gap
4383,4383,водолазка,
4384,4384,,
4385,4385,трусы,
4386,4386,заглушка,
4387,4387,футболка,
4388,4388,водка,белуга
4389,4389,замок,
4390,4390,футболка,
4391,4391,,
4392,4392,батончиккрем,
4393,4393,,
4394,4394,ветровка,
4395,4395,,
4396,4396,кроссовки,
4397,4397,,
4398,4398,крекер,
4399,4399,кекс,
4400,4400,часы,
4401,4401,батончик,
4402,4402,уксус,
4403,4403,,
4404,4404,,skinlite
4405,4405,коктейльмороженое,
4406,4406,лак,
4407,4407,сухари,
4408,4408,молоко,тяжин
4409,4409,,
4410,4410,контейнер,
4411,4411,,
4412,4412,,
4413,4413,ручка,stabilo
4414,4414,обувь,
4415,4415,,uniel
4416,4416,,
4417,4417,мороженое,
4418,4418,,
4419,4419,творог,село
4420,4420,футболка,
4421,4421,переходник,
4422,4422,,
4423,4423,кисель,русский
4424,4424,сумка,
4425,4425,,splat
4426,4426,помидорылист,
4427,4427,драже,
4428,4428,,
4429,4429,,
4430,4430,,
4431,4431,футболка,
4432,4432,сырок,
4433,4433,,
4434,4434,,
4435,4435,сумка,mango
4436,4436,,
4437,4437,,
4438,4438,шоколад,
4439,4439,брюки,
4440,4440,футболка,
4441,4441,перчатки,
4442,4442,,
4443,4443,,
4444,4444,,
4445,4445,,умка
4446,4446,фильтр,
4447,4447,,
4448,4448,брюки,
4449,4449,вода,святой
4450,4450,,
4451,4451,саморез,
4452,4452,,
4453,4453,чай,
4454,4454,рис,
4455,4455,бита,
4456,4456,расческа,
4457,4457,топмайка,
4458,4458,приправасуп,
4459,4459,,
4460,4460,линза,
4461,4461,водасок,агуша
4462,4462,конфеты,
4463,4463,элемент,energizer
4464,4464,чай,rioba
4465,4465,футболка,
4466,4466,,
4467,4467,,
4468,4468,икра,санта
4469,4469,выключатель,
4470,4470,мыло,
4471,4471,водолазка,
4472,4472,,
4473,4473,,
4474,4474,кистьмаркер,
4475,4475,хлеб,
4476,4476,,
4477,4477,,
4478,4478,туфли,котофей
4479,4479,,
4480,4480,скумбрия,
4481,4481,,
4482,4482,шампунь,
4483,4483,держатель,
4484,4484,кефир,золотыелуга
4485,4485,тетрадь,
4486,4486,кисть,
4487,4487,хлебцы,
4488,4488,сыр,
4489,4489,,
4490,4490,,
4491,4491,лапша,
4492,4492,сланцы,
4493,4493,вода,святой
4494,4494,футболка,
4495,4495,,
4496,4496,контейнер,
4497,4497,,унипласт
4498,4498,футболка,
4499,4499,,
4500,4500,,
4501,4501,батончик,
4502,4502,саморез,
4503,4503,,
4504,4504,семечки,джинн
4505,4505,хлеб,
4506,4506,кофе,
4507,4507,вода,
4508,4508,грунт,
4509,4509,чипсы,
4510,4510,,
4511,4511,болт,
4512,4512,муфта,
4513,4513,напиток,любимый
4514,4514,,
4515,4515,,
4516,4516,,
4517,4517,,
4518,4518,,
4519,4519,саморез,
4520,4520,,
4521,4521,,sintec
4522,4522,,
4523,4523,,
4524,4524,шумоизоляция,
4525,4525,шампунь,
4526,4526,,
4527,4527,скобы,
4528,4528,салфетка,рыжий
4529,4529,муфта,
4530,4530,,
4531,4531,,
4532,4532,лонгслив,sela
4533,4533,,
4534,4534,,
4535,4535,ботинки,
4536,4536,болт,
4537,4537,нож,matrix
4538,4538,футболка,
4539,4539,контейнер,
4540,4540,пиво,
4541,4541,футболка,
4542,4542,,
4543,4543,трусы,
4544,4544,колбаса,
4545,4545,,
4546,4546,эскимо,сваля
4547,4547,сосиски,
4548,4548,наполнитель,
4549,4549,саморез,
4550,4550,зефир,
4551,4551,саморез,
4552,4552,,
4553,4553,,
4554,4554,ножницы,
4555,4555,колесо,
4556,4556,,
4557,4557,пиво,
4558,4558,,
4559,4559,,tdm
4560,4560,мыло,
4561,4561,сухарики,кириешки
4562,4562,шлем,
4563,4563,пиво,
4564,4564,каша,ясно
4565,4565,крем,
4566,4566,,
4567,4567,футболка,
4568,4568,,
4569,4569,туфли,
4570,4570,водка,
4571,4571,,
4572,4572,приправа,приправыч
4573,4573,,
4574,4574,шампунь,
4575,4575,лак,
4576,4576,салфетки,
4577,4577,пивокружка,
4578,4578,конфеты,
4579,4579,,bella
4580,4580,джинсы,
4581,4581,пельмени,
4582,4582,,fresco
4583,4583,брюки,
4584,4584,плитка,
4585,4585,,
4586,4586,макароны,кдв
4587,4587,ветровка,
4588,4588,ложка,
4589,4589,ремень,
4590,4590,коньяк,
4591,4591,,
4592,4592,губки,
4593,4593,,
4594,4594,,
4595,4595,,
4596,4596,,
4597,4597,лимонад,
4598,4598,пельмени,
4599,4599,,
4600,4600,чипсы,
4601,4601,коктейль,
4602,4602,муфта,
4603,4603,рубашка,mango
4604,4604,пастазубная,colgate
4605,4605,пряник,
4606,4606,,
4607,4607,,
4608,4608,мыло,
4609,4609,эскимопеченье,
4610,4610,,
4611,4611,футболка,
4612,4612,лапша,
4613,4613,,
4614,4614,футболка,
4615,4615,,
4616,4616,кондиционер,
4617,4617,,
4618,4618,ролик,акор
4619,4619,,desi
4620,4620,украшение,
4621,4621,журнал,
4622,4622,сардельки,вязанка
4623,4623,,бонаква
4624,4624,,
4625,4625,прокладки,
4626,4626,,dove
4627,4627,вода,jardin
4628,4628,,
4629,4629,вода,святой
4630,4630,водка,белуга
4631,4631,сырок,
4632,4632,розетка,
4633,4633,,
4634,4634,,
4635,4635,,
4636,4636,,
4637,4637,,
4638,4638,,
4639,4639,,titbit
4640,4640,кетоналкрем,кетонал
4641,4641,,
4642,4642,ковриксушки,
4643,4643,,
4644,4644,,
4645,4645,контейнер,
4646,4646,лимонад,
4647,4647,пуловер,guess
4648,4648,,
4649,4649,,
4650,4650,карандашипенал,
4651,4651,,
4652,4652,,
4653,4653,,
4654,4654,,
4655,4655,сыр,пестравка
4656,4656,сальник,hyundai
4657,4657,,
4658,4658,,
4659,4659,носки,
4660,4660,муфта,
4661,4661,карандаш,
4662,4662,футболка,
4663,4663,виски,
4664,4664,салфетка,
4665,4665,батарейка,
4666,4666,сыр,
4667,4667,ботинки,
4668,4668,юбка,zara
4669,4669,пятновыводитель,
4670,4670,,
4671,4671,футболка,
4672,4672,брюки,
4673,4673,,
4674,4674,соуспакет,
4675,4675,,
4676,4676,полуботинки,
4677,4677,спрей,
4678,4678,кофепакет,nescafe
4679,4679,свеча,
4680,4680,,
4681,4681,машинка,
4682,4682,,
4683,4683,,
4684,4684,,
4685,4685,батарейка,
4686,4686,масло,
4687,4687,муфта,
4688,4688,лампа,philips
4689,4689,футболка,
4690,4690,ремень,
4691,4691,футболка,
4692,4692,свитшот,
4693,4693,рис,
4694,4694,,royal
4695,4695,,
4696,4696,,
4697,4697,мармелад,
4698,4698,саморез,
4699,4699,напитоклимонад,
4700,4700,плитка,
4701,4701,саморез,
4702,4702,,
4703,4703,платьеbefree,befree
4704,4704,футболка,
4705,4705,вино,
4706,4706,,
4707,4707,,кузя
4708,4708,патчи,
4709,4709,майка,henderson
4710,4710,муфта,
4711,4711,болт,
4712,4712,,
4713,4713,водка,
4714,4714,,
4715,4715,книга,эксмо
4716,4716,пряники,
4717,4717,пиво,
4718,4718,рюкзак,
4719,4719,,
4720,4720,саморез,
4721,4721,бульмени,горячая
4722,4722,одеяло,
4723,4723,пельмени,
4724,4724,,
4725,4725,носки,
4726,4726,макароны,
4727,4727,,
4728,4728,,
4729,4729,футболка,
4730,4730,,
4731,4731,,
4732,4732,ветровка,
4733,4733,,
4734,4734,соединитель,
4735,4735,краскалак,
4736,4736,напитоклимонад,
4737,4737,,
4738,4738,болт,
4739,4739,конфетыхалва,
4740,4740,кофе,
4741,4741,кабель,
4742,4742,водка,
4743,4743,заглушка,
4744,4744,,
4745,4745,,
4746,4746,ботинки,
4747,4747,батон,любимый
4748,4748,футболкаполо,
4749,4749,сыр,
4750,4750,футболка,
4751,4751,краситель,
4752,4752,пивофильтр,
4753,4753,,
4754,4754,булочка,
4755,4755,вино,
4756,4756,попкорн,
4757,4757,,
4758,4758,саморез,
4759,4759,футболка,
4760,4760,,
4761,4761,кастрюля,
4762,4762,кофе,
4763,4763,футболка,
4764,4764,сырок,
4765,4765,масло,
4766,4766,хлебцы,
4767,4767,рисрис,
4768,4768,ручка,
4769,4769,,
4770,4770,,
4771,4771,,
4772,4772,джинсы,
4773,4773,,
4774,4774,фильтр,
4775,4775,рулетики,
4776,4776,мармелад,рахат
4777,4777,ароматизатор,
4778,4778,носки,
4779,4779,молоко,
4780,4780,жевательная,
4781,4781,пюре,
4782,4782,саморез,
4783,4783,комбинезон,твое
4784,4784,,веселый
4785,4785,,
4786,4786,саморез,
4787,4787,муфта,
4788,4788,,
4789,4789,,splat
4790,4790,мылокреммыло,
4791,4791,мыло,
4792,4792,йогурт,
4793,4793,фильтр,
4794,4794,,
4795,4795,,
4796,4796,,
4797,4797,вода,garnier
4798,4798,блузка,
4799,4799,,
4800,4800,,
4801,4801,панель,
4802,4802,,berlingo
4803,4803,скумбрия,
4804,4804,корм,royal
4805,4805,сметана,
4806,4806,,меридиан
4807,4807,,
4808,4808,молоко,
4809,4809,творожок,растишка
4810,4810,,
4811,4811,,
4812,4812,,colgate
4813,4813,болт,
4814,4814,,
4815,4815,,
4816,4816,печенье,бон
4817,4817,,
4818,4818,йогурт,даниссимо
4819,4819,вода,святойспортик
4820,4820,заглушка,
4821,4821,,
4822,4822,,
4823,4823,,
4824,4824,футболка,
4825,4825,сухарики,кириешки
4826,4826,,
4827,4827,туфлипудра,lavanta
4828,4828,футболка,
4829,4829,пальто,
4830,4830,,
4831,4831,,
4832,4832,йогурт,
4833,4833,кремкраска,
4834,4834,штора,
4835,4835,сок,фрутоняня
4836,4836,,whiskas
4837,4837,,
4838,4838,печенье,
4839,4839,,
4840,4840,сметана,вкуснотеево
4841,4841,печенье,
4842,4842,вода,
4843,4843,смеситель,
4844,4844,вино,
4845,4845,кетчуп,слобода
4846,4846,,
4847,4847,пленка,
4848,4848,,
4849,4849,кукуруза,золотой
4850,4850,кистьручка,
4851,4851,спрей,аквалор
4852,4852,перчатки,
4853,4853,футболка,
4854,4854,швабра,vetta
4855,4855,,
4856,4856,,
4857,4857,пельмени,
4858,4858,,
4859,4859,носки,
4860,4860,сверло,зубр
4861,4861,джинсы,
4862,4862,,
4863,4863,футболка,
4864,4864,футболка,
4865,4865,,
4866,4866,вода,святой
4867,4867,водка,
4868,4868,сыр,hochland
4869,4869,салфетки,avs
4870,4870,,
4871,4871,напиток,
4872,4872,мороженое,
4873,4873,,
4874,4874,,
4875,4875,,
4876,4876,напиток,
4877,4877,десерт,
4878,4878,уголок,
4879,4879,,
4880,4880,табак,
4881,4881,соединитель,
4882,4882,,
4883,4883,,
4884,4884,сыр,
4885,4885,,
4886,4886,вода,
4887,4887,,
4888,4888,,
4889,4889,,
4890,4890,,
4891,4891,,
4892,4892,,
4893,4893,кеды,vagabond
4894,4894,,
4895,4895,,
4896,4896,,
4897,4897,обложка,
4898,4898,ароматизатор,
4899,4899,сумка,buono
4900,4900,,
4901,4901,,
4902,4902,,
4903,4903,семечки,
4904,4904,паштет,
4905,4905,ботинки,
4906,4906,,zara
4907,4907,фильтр,
4908,4908,мясо,
4909,4909,сельдьберег,
4910,4910,футболка,
4911,4911,йогуртшоколад,даниссимо
4912,4912,фильтр,
4913,4913,молоко,кубарус
4914,4914,перец,
4915,4915,муфта,
4916,4916,гель,монолит
4917,4917,розетка,
4918,4918,пельменимясо,
4919,4919,карамель,рот
4920,4920,,
4921,4921,пирожное,royal
4922,4922,,
4923,4923,удлинитель,
4924,4924,,
4925,4925,футболка,hugoboss
4926,4926,ремень,
4927,4927,опрыскиватель,
4928,4928,,
4929,4929,кукуруза,
4930,4930,,
4931,4931,,
4932,4932,зефир,
4933,4933,саморез,
4934,4934,,
4935,4935,сыр,
4936,4936,пакеты,
4937,4937,футболка,
4938,4938,лимонад,
4939,4939,сироп,
4940,4940,,
4941,4941,,samsung
4942,4942,торт,
4943,4943,водкаводка,
4944,4944,саморез,
4945,4945,кофемолоко,
4946,4946,,
4947,4947,майонезпакет,
4948,4948,переходник,
4949,4949,кремкраска,estel
4950,4950,колготки,
4951,4951,ананасы,
4952,4952,,
4953,4953,фильтр,
4954,4954,суг,суг
4955,4955,блесна,mepps
4956,4956,рис,золотой
4957,4957,футболка,
4958,4958,вода,
4959,4959,клей,момент
4960,4960,аэрозоль,
4961,4961,творог,
4962,4962,контейнер,
4963,4963,свекла,
4964,4964,гель,
4965,4965,наклейки,
4966,4966,зажигалка,
4967,4967,,
4968,4968,пиво,
4969,4969,худиbefree,befree
4970,4970,шапка,
4971,4971,,
4972,4972,,
4973,4973,блокнот,
4974,4974,драже,кдв
4975,4975,,
4976,4976,,
4977,4977,шоколад,milka
4978,4978,,
4979,4979,пальто,
4980,4980,,
4981,4981,масло,zic
4982,4982,рубашка,lee
4983,4983,печенье,
4984,4984,,fit
4985,4985,,ergolux
4986,4986,коктейль,
4987,4987,спрей,аквалор
4988,4988,кремгель,
4989,4989,штопор,
4990,4990,футболкафуфайка,
4991,4991,рис,
4992,4992,сметана,
4993,4993,,
4994,4994,,
4995,4995,рамка,
4996,4996,напиток,
4997,4997,,
4998,4998,шоколад,
4999,4999,,
